player,team,age,rar_fgm,rar_fga,rar_fgp,itp_fgm,itp_fga,itp_fgp,mrg_fgm,mrg_fga,mrg_fgp,lc3_fgm,lc3_fga,lc3_fgm,rc3_fgm,rc3_fga,rc3_fgp,cn3_fgm,cn3_fga,cn3_fgp,ab3_fgm,ab3_fga,abe_fgp
Aaron Gordon,DEN,25,2.1,3.2,67.3,0.8,1.8,45.6,0.5,1.5,32.4,0.1,0.4,38.9,0.1,0.3,29.4,0.2,0.7,34.3,0.9,2.8,34.1
Aaron Holiday,IND,24,0.9,2.0,44.7,0.4,1.2,31.7,0.3,0.6,45.0,0.2,0.3,50.0,0.2,0.3,58.8,0.3,0.6,54.1,0.7,2.2,32.6
Aaron Nesmith,BOS,21,0.6,0.9,64.1,0.2,0.5,38.1,0.1,0.2,50.0,0.2,0.7,28.6,0.2,0.5,50.0,0.4,1.0,36.4,0.5,1.4,37.5
Abdel Nader,PHX,27,1.3,2.0,62.5,0.4,0.9,40.9,0.0,0.1,0.0,0.3,0.6,54.5,0.1,0.3,40.0,0.4,0.8,50.0,0.4,1.1,37.0
Adam Mokoka,CHI,22,0.5,0.8,66.7,0.0,0.0,0.0,0.0,0.0,0.0,0.2,0.3,50.0,0.0,0.6,0.0,0.2,0.8,20.0,0.0,0.4,0.0
Al Horford,BOS,35,1.6,2.8,59.7,1.3,2.5,51.4,0.9,2.2,39.3,0.1,0.3,42.9,0.0,0.4,9.1,0.1,0.6,22.2,1.9,4.8,38.8
Al-Farouq Aminu,CHI,30,0.8,1.6,52.8,0.2,0.6,35.7,0.3,0.5,50.0,0.2,0.3,60.0,0.1,0.2,25.0,0.2,0.4,44.4,0.2,1.2,14.3
Alec Burks,NYK,29,1.0,2.0,50.0,0.5,1.5,33.8,0.7,1.7,41.5,0.4,1.0,37.5,0.4,0.6,64.3,0.7,1.6,47.4,1.3,3.5,38.8
Aleksej Pokusevski,OKC,19,0.8,1.4,54.0,0.5,1.6,34.3,0.5,1.5,33.3,0.2,0.7,31.0,0.1,0.4,31.3,0.3,1.0,31.1,1.0,3.6,27.5
Alen Smailagic,GSW,20,0.4,0.9,50.0,0.1,0.3,20.0,0.0,0.0,0.0,0.2,0.4,50.0,0.0,0.1,0.0,0.1,0.3,33.3,0.2,0.5,42.9
Alex Caruso,LAL,27,0.9,1.5,60.2,0.3,0.8,36.2,0.1,0.6,24.2,0.2,0.5,33.3,0.2,0.5,44.8,0.4,1.0,39.3,0.6,1.4,41.3
Alex Len,WAS,28,1.9,2.5,76.6,0.6,1.3,47.1,0.0,0.2,20.0,0.1,0.2,36.4,0.0,0.1,33.3,0.1,0.3,35.3,0.0,0.1,25.0
Alfonzo McKinnie,LAL,28,0.6,0.9,70.6,0.1,0.3,45.5,0.1,0.3,33.3,0.2,0.3,50.0,0.1,0.2,40.0,0.2,0.5,46.2,0.3,0.7,38.5
Alize Johnson,BKN,25,1.6,2.3,72.2,0.7,1.5,45.8,0.1,0.1,100,0.0,0.1,0.0,0.0,0.1,0.0,0.0,0.1,0.0,0.1,0.2,25.0
Amida Brimah,IND,27,1.0,1.2,83.3,0.0,0.4,0.0,0.0,0.0,0.0,0.0,0.0,0.0,0.0,0.0,0.0,0.0,0.0,0.0,0.0,0.0,0.0
Amir Coffey,LAC,24,0.4,0.7,57.7,0.2,0.5,31.3,0.1,0.2,40.0,0.2,0.5,44.4,0.3,0.6,50.0,0.4,0.9,47.8,0.3,0.9,36.4
Anderson Varejao,CLE,38,0.4,1.4,28.6,0.0,0.6,0.0,0.4,1.0,40.0,0.0,0.0,0.0,0.0,0.3,0.0,0.0,0.3,0.0,0.0,0.0,0.0
Andre Drummond,LAL,27,4.6,8.3,55.1,1.5,3.7,42.0,0.0,0.3,0.0,0.0,0.0,0.0,0.0,0.0,0.0,0.0,0.0,0.0,0.0,0.2,0.0
Andre Iguodala,MIA,37,0.4,0.6,65.0,0.1,0.2,42.9,0.0,0.2,25.0,0.3,0.7,43.9,0.3,0.8,33.3,0.6,1.5,38.0,0.4,1.3,29.4
Andre Roberson,BKN,29,0.2,1.2,16.7,0.0,0.0,0.0,0.0,0.0,0.0,0.0,0.5,0.0,0.0,0.5,0.0,0.0,1.0,0.0,0.2,0.8,25.0
Andrew Wiggins,GSW,26,2.8,4.1,67.8,1.3,2.8,46.4,1.1,2.9,37.3,0.4,1.0,43.5,0.2,0.4,42.9,0.6,1.4,43.3,1.4,3.8,36.4
Anfernee Simons,POR,22,0.3,0.7,51.2,0.2,0.7,24.4,0.3,0.6,45.9,0.3,0.4,62.5,0.2,0.4,52.0,0.4,0.8,57.1,1.4,3.6,39.5
Anthony Davis,LAL,28,3.6,4.8,75.6,2.3,4.4,51.6,1.8,5.1,34.8,0.1,0.2,62.5,0.1,0.2,62.5,0.3,0.4,62.5,0.4,2.3,19.3
Anthony Edwards,MIN,19,3.5,5.9,59.6,0.7,2.0,33.8,0.4,1.7,26.2,0.2,0.7,28.6,0.1,0.5,27.3,0.3,1.1,28.0,2.0,6.0,33.9
Anthony Gill,WAS,28,0.7,1.0,70.8,0.2,0.4,54.5,0.0,0.0,0.0,0.0,0.2,0.0,0.1,0.4,16.7,0.1,0.5,11.1,0.2,0.6,40.0
Anthony Lamb,HOU,23,0.9,1.7,51.3,0.1,0.3,37.5,0.0,0.0,0.0,0.2,0.4,50.0,0.2,0.5,33.3,0.3,0.7,41.2,0.7,2.2,30.2
Anthony Tolliver,PHI,36,0.0,0.1,0.0,0.0,0.1,0.0,0.0,0.1,0.0,0.0,0.1,0.0,0.3,0.4,66.7,0.2,0.4,50.0,0.2,0.9,20.0
Anzejs Pasecniks,WAS,25,0.0,0.0,0.0,0.0,0.0,0.0,0.0,0.0,0.0,0.0,0.0,0.0,0,0,0,0.0,0.0,0.0,0.0,1.0,0.0
Armoni Brooks,HOU,23,0.8,1.3,57.7,0.1,0.2,50.0,0.1,0.3,20.0,0.4,0.8,46.2,0.3,0.7,38.5,0.6,1.4,42.3,2.5,6.6,37.4
Aron Baynes,TOR,34,1.5,2.5,59.5,0.3,0.9,36.7,0.2,0.4,52.4,0.1,0.2,37.5,0.0,0.2,0.0,0.1,0.3,17.6,0.5,1.6,27.9
Ashton Hagans,MIN,21,0.0,0.0,0.0,0.0,0.0,0.0,0.0,0.0,0.0,0.0,0.0,0.0,0.0,0.0,0.0,0.0,0.0,0.0,0.0,0.0,0.0
Austin Rivers,DEN,28,1.0,1.5,64.8,0.3,0.9,29.0,0.1,0.3,45.5,0.2,0.5,47.1,0.1,0.5,17.6,0.3,1.0,32.4,1.2,3.2,38.6
Avery Bradley,HOU,30,0.9,1.3,70.6,0.1,0.4,20.0,0.2,1.0,19.2,0.4,1.1,37.9,0.1,0.4,33.3,0.6,1.5,36.6,0.7,2.2,30.0
Axel Toupane,MIL,28,0.4,0.9,50.0,0.0,0.0,0.0,0.0,0.4,0.0,0.0,0.0,0.0,0.0,0.3,0.0,0.0,0.3,0.0,0.1,0.1,100
Bam Adebayo,MIA,23,3.9,5.2,74.9,2.0,4.5,45.6,1.1,2.7,42.4,0.0,0.0,0.0,0.0,0.0,0.0,0.0,0.0,0.0,0.0,0.1,28.6
Ben McLemore,LAL,28,0.5,0.8,60.0,0.1,0.3,33.3,0.2,0.6,30.0,0.4,0.9,48.8,0.3,0.7,50.0,0.7,1.4,49.3,1.2,3.9,30.0
Ben Simmons,PHI,24,4.1,6.3,65.7,1.3,3.2,40.4,0.1,0.4,33.3,0.0,0.0,0.0,0.0,0.0,50.0,0.0,0.1,33.3,0.0,0.1,28.6
Bismack Biyombo,CHA,28,1.9,2.9,65.1,0.3,0.7,40.4,0.0,0.1,0.0,0.0,0.0,0.0,0.0,0.0,0.0,0.0,0.0,0.0,0.0,0.0,0.0
Blake Griffin,BKN,32,1.7,2.8,62.5,0.4,1.2,37.7,0.1,0.5,16.0,0.2,0.7,26.7,0.1,0.2,44.4,0.3,0.8,30.8,1.3,3.6,35.2
Boban Marjanovic,DAL,32,1.3,2.0,65.6,0.4,1.0,38.2,0.2,0.5,37.5,0.0,0.0,0.0,0.0,0.0,0.0,0.0,0.0,0.0,0.0,0.2,12.5
Bobby Portis,MIL,26,1.8,2.8,64.7,0.9,1.8,50.8,0.9,2.1,43.1,0.2,0.4,50.0,0.3,0.6,43.6,0.4,0.9,45.9,0.7,1.5,47.9
Bogdan Bogdanovic,ATL,28,1.0,1.5,61.8,1.0,2.1,47.3,0.8,1.6,49.3,0.4,0.6,59.3,0.6,1.2,51.9,1.0,1.8,54.4,2.3,5.8,40.6
Bojan Bogdanovic,UTA,32,1.7,3.1,56.8,1.1,2.6,42.8,0.3,0.8,35.6,0.4,1.0,36.1,0.8,1.8,45.8,1.2,2.8,42.4,1.3,3.6,36.7
Bol Bol,DEN,21,0.3,0.4,83.3,0.1,0.3,25.0,0.1,0.5,28.6,0.1,0.1,100,0.0,0.1,0.0,0.0,0.1,33.3,0.3,0.7,38.1
Brad Wanamaker,CHA,31,1.0,1.9,56.1,0.3,0.9,37.0,0.2,0.8,32.6,0.0,0.1,0.0,0.0,0.0,100,0.0,0.1,20.0,0.2,1.3,18.8
Bradley Beal,WAS,28,3.8,5.8,65.0,2.6,5.5,47.6,2.6,5.6,47.4,0.2,0.6,37.1,0.2,0.6,36.4,0.4,1.1,36.8,1.8,5.1,34.4
Brandon Clarke,MEM,24,2.7,3.8,70.1,1.2,2.8,41.3,0.2,0.5,37.0,0.1,0.4,33.3,0.1,0.4,20.0,0.2,0.8,26.1,0.1,0.5,25.8
Brandon Goodwin,ATL,25,0.6,1.3,45.0,0.4,0.9,48.8,0.1,0.5,26.3,0.1,0.1,60.0,0.1,0.2,25.0,0.1,0.3,38.5,0.6,1.9,30.7
Brandon Ingram,NOP,23,1.9,2.9,66.1,1.4,3.1,43.2,2.8,5.8,47.5,0.2,0.5,33.3,0.2,0.6,27.3,0.3,1.1,30.3,2.0,5.0,40.4
Brian Bowen II,IND,22,0.0,0.0,0.0,0.2,0.2,100,0.0,0.3,0.0,0.0,0.0,0.0,0.0,0.0,0.0,0.0,0.0,0.0,0.0,0.2,0.0
Brodric Thomas,CLE,24,0.6,0.9,69.2,0.0,0.2,14.3,0.1,0.5,25.0,0.1,0.3,16.7,0.1,0.3,28.6,0.1,0.6,23.1,0.4,1.4,28.3
Brook Lopez,MIL,33,2.0,2.7,74.3,0.9,1.7,51.6,0.3,0.7,46.8,0.2,0.4,42.3,0.3,0.7,40.0,0.4,1.1,40.8,0.9,2.9,31.4
Bruce Brown,BKN,24,2.5,3.7,66.8,0.8,1.7,48.2,0.1,0.2,28.6,0.2,0.4,37.5,0.1,0.4,19.0,0.2,0.7,28.9,0.1,0.2,30.8
Bruno Caboclo,HOU,25,1.4,1.4,100,0.2,0.8,20.0,0.0,0.0,0.0,0.0,1.0,0.0,0.0,0.0,0.0,0.0,0.5,0.0,0.0,0.5,0.0
Bruno Fernando,ATL,22,0.5,1.0,54.8,0.0,0.2,14.3,0.0,0.1,0.0,0.0,0.1,0.0,0.0,0.0,0.0,0.0,0.0,0.0,0.0,0.0,0.0
Bryn Forbes,MIL,27,0.2,0.4,48.4,0.4,0.8,50.9,0.8,1.5,51.9,0.4,0.7,49.0,0.2,0.6,40.0,0.5,1.2,45.2,1.7,3.7,45.1
Buddy Hield,SAC,28,0.8,1.4,58.8,0.4,1.2,36.9,0.5,1.3,37.4,0.4,0.9,46.2,0.3,0.6,45.2,0.7,1.5,45.8,3.3,8.6,37.9
CJ Elleby,POR,21,0.4,0.6,70.6,0.0,0.3,14.3,0.2,0.3,62.5,0.1,0.2,60.0,0.0,0.1,0.0,0.1,0.3,42.9,0.1,0.9,14.8
CJ McCollum,POR,29,1.5,2.6,56.6,1.6,3.3,48.4,2.0,4.0,48.9,0.3,0.5,56.0,0.3,0.9,39.0,0.6,1.4,45.5,3.0,7.5,39.4
Caleb Martin,CHA,25,0.8,1.5,54.9,0.1,0.3,35.3,0.3,0.6,43.8,0.1,0.4,22.2,0.1,0.3,30.8,0.2,0.6,25.8,0.4,1.8,24.7
Cam Reddish,ATL,21,1.8,2.8,62.2,0.4,1.6,26.2,0.2,0.8,28.6,0.3,0.5,57.1,0.2,0.8,19.0,0.5,1.3,34.3,0.8,3.5,23.3
Cameron Johnson,PHX,25,0.9,1.3,71.1,0.3,0.6,47.1,0.3,0.6,42.1,0.4,1.0,37.3,0.6,1.3,46.7,1.0,2.2,42.5,1.0,3.3,30.0
Cameron Oliver,HOU,24,2.8,3.5,78.6,0.8,1.0,75.0,0.3,0.5,50.0,0.0,0.0,0.0,0.0,0.0,0.0,0.0,0.0,0.0,1.0,3.3,30.8
Cameron Payne,PHX,26,0.9,1.6,57.0,0.7,1.5,44.9,0.4,0.8,53.2,0.1,0.3,42.9,0.1,0.2,44.4,0.2,0.4,43.5,1.1,2.4,44.7
Cameron Reynolds,HOU,26,0.2,0.4,50.0,0.2,0.4,50.0,0.3,0.5,50.0,0.0,3.0,0.0,1.0,3.0,33.3,1.0,6.0,16.7,0.4,1.2,33.3
Caris LeVert,IND,26,2.7,4.4,62.0,2.1,5.1,41.8,1.0,2.3,42.2,0.2,0.6,37.0,0.0,0.3,16.7,0.3,0.8,30.8,1.5,4.6,33.0
Carmelo Anthony,POR,37,0.4,0.8,51.7,0.3,1.0,29.9,2.1,4.7,44.0,0.2,0.5,40.0,0.2,0.5,41.7,0.4,1.0,40.8,1.5,3.7,40.9
Carsen Edwards,BOS,23,0.7,0.9,77.8,0.0,0.2,20.0,0.3,0.6,43.8,0.1,0.6,21.4,0.0,0.3,14.3,0.1,0.8,19.0,0.5,1.4,33.3
Cassius Stanley,IND,21,0.3,0.9,36.4,0.1,0.4,25.0,0.0,0.0,0.0,0.1,0.1,100,0.0,0.1,0.0,0.1,0.2,50.0,0.1,0.5,18.2
Cassius Winston,WAS,23,0.1,0.1,50.0,0.1,0.3,20.0,0.3,0.6,44.4,0.1,0.3,50.0,0.0,0.0,0.0,0.1,0.2,50.0,0.4,0.8,46.7
Cedi Osman,CLE,26,1.4,2.6,54.5,0.4,1.4,29.3,0.2,0.4,45.8,0.2,0.5,39.3,0.2,0.6,27.8,0.4,1.1,32.8,1.3,4.4,30.0
Chandler Hutchison,WAS,25,0.6,1.6,35.0,0.6,1.3,48.4,0.1,0.4,20.0,0.2,0.5,33.3,0.2,0.4,44.4,0.3,0.8,38.9,0.0,0.2,25.0
Charlie Brown Jr.,OKC,24,0.6,1.2,45.5,0.0,0.4,0.0,0.3,0.8,42.9,0.2,0.6,40.0,0.0,0.2,0.0,0.2,0.8,28.6,0.3,1.6,21.4
Chasson Randle,ORL,28,0.9,1.2,70.6,0.1,0.8,16.7,0.2,0.6,26.9,0.1,0.3,33.3,0.1,0.2,25.0,0.2,0.5,30.0,0.9,2.6,35.2
Chimezie Metu,SAC,24,1.4,1.9,71.6,0.5,1.3,36.4,0.4,0.9,45.2,0.1,0.1,66.7,0.0,0.0,0.0,0.1,0.1,66.7,0.3,1.0,32.4
Chris Boucher,TOR,28,2.8,4.2,66.5,0.4,0.9,43.1,0.2,0.4,39.1,0.0,0.1,25.0,0.2,0.4,34.6,0.2,0.6,32.4,1.3,3.4,39.3
Chris Chiozza,BKN,25,0.5,1.1,45.8,0.2,0.5,33.3,0.2,0.6,30.8,0.1,0.1,100,0.0,0.1,0.0,0.1,0.1,50.0,0.5,1.8,30.8
Chris Paul,PHX,36,0.6,0.9,64.5,1.4,2.5,56.5,2.8,5.5,51.6,0.1,0.2,37.5,0.1,0.1,50.0,0.2,0.4,42.3,1.3,3.3,39.9
Chris Silva,SAC,24,0.5,0.7,66.7,0.2,0.2,66.7,0.1,0.3,33.3,0.0,0.0,0.0,0.0,0.0,0.0,0.0,0.0,0.0,0.1,0.1,100
Christian Wood,HOU,25,4.5,5.9,76.0,1.1,3.0,38.5,0.5,1.7,30.0,0.2,0.4,46.7,0.2,0.6,39.1,0.4,0.9,42.1,1.5,4.1,36.3
Chuma Okeke,ORL,22,0.8,1.3,60.0,0.4,1.0,36.4,0.8,1.8,43.0,0.1,0.4,33.3,0.1,0.2,42.9,0.2,0.5,36.4,0.9,2.6,35.3
Clint Capela,ATL,27,5.8,8.7,66.1,0.8,2.2,35.3,0.0,0.1,14.3,0.0,0.0,0.0,0.0,0.0,0.0,0.0,0.0,0.0,0.0,0.0,0.0
Coby White,CHI,21,1.7,3.3,51.7,0.5,1.3,38.0,0.8,1.8,46.0,0.3,0.7,45.7,0.2,0.4,50.0,0.5,1.1,47.3,1.9,5.5,33.8
Cody Martin,CHA,25,1.0,1.7,58.0,0.2,0.4,50.0,0.1,0.4,27.3,0.1,0.3,18.8,0.1,0.5,30.4,0.2,0.8,25.6,0.1,0.4,33.3
Cody Zeller,CHA,28,3.2,4.9,65.1,0.4,1.1,38.2,0.1,0.1,50.0,0.0,0.0,0.0,0.0,0.1,0.0,0.0,0.1,0.0,0.1,0.5,17.4
Cole Anthony,ORL,21,1.6,3.0,52.5,1.0,3.2,30.7,0.9,1.9,46.1,0.1,0.2,30.0,0.1,0.2,37.5,0.1,0.4,33.3,1.1,3.3,33.8
Collin Sexton,CLE,22,3.4,5.5,61.8,2.8,5.9,46.9,1.0,2.6,36.5,0.2,0.4,40.9,0.0,0.1,40.0,0.2,0.5,40.7,1.4,3.9,36.4
Cory Joseph,DET,29,1.2,1.7,70.9,0.8,1.9,44.5,0.4,1.0,36.9,0.1,0.3,44.4,0.1,0.4,36.4,0.3,0.6,40.0,0.5,1.5,31.5
Cristiano Felicio,CHI,28,0.4,0.6,77.8,0.0,0.1,0.0,0.0,0.1,0.0,0.0,0.0,0.0,0.0,0.0,0.0,0.0,0.0,0.0,0.0,0.1,0.0
D'Angelo Russell,MIN,25,1.4,2.2,61.7,1.1,2.5,44.9,1.3,3.4,39.0,0.2,0.5,42.9,0.1,0.2,62.5,0.3,0.7,48.3,2.5,6.7,37.9
D.J. Augustin,HOU,33,0.5,1.2,45.6,0.2,0.4,40.0,0.2,0.6,33.3,0.1,0.5,26.9,0.1,0.3,38.9,0.3,0.8,31.8,1.2,3.0,39.9
D.J. Wilson,HOU,25,0.6,1.1,55.3,0.3,0.6,45.0,0.2,0.7,34.8,0.2,0.4,38.5,0.1,0.5,28.6,0.3,0.8,33.3,0.6,1.7,35.6
DaQuan Jeffries,SAS,23,0.7,1.1,64.7,0.1,0.4,36.4,0.1,0.3,50.0,0.4,0.9,47.6,0.0,0.3,14.3,0.4,1.1,39.3,0.3,1.3,23.1
Dakota Mathias,PHI,25,0.1,0.4,33.3,0.1,0.1,100,1.1,2.3,50.0,0.6,0.8,75.0,0.0,0.5,0.0,0.4,1.0,42.9,0.6,2.4,26.3
Damian Jones,SAC,26,1.4,1.9,76.7,0.3,0.5,57.9,0.1,0.2,33.3,0.0,0.0,0.0,0.0,0.0,100,0.0,0.0,100,0.0,0.1,0.0
Damian Lillard,POR,30,3.3,5.4,61.0,0.5,1.5,35.0,1.1,2.5,42.6,0.1,0.2,36.4,0.0,0.3,11.8,0.1,0.4,21.4,4.0,10.0,40.1
Damion Lee,GSW,28,0.4,0.5,79.3,0.4,0.6,63.6,0.1,0.3,36.8,0.2,0.6,33.3,0.3,0.6,54.5,0.5,1.1,44.4,0.9,2.3,37.7
Damyean Dotson,CLE,27,0.8,1.2,69.1,0.2,0.5,44.0,0.5,1.2,44.4,0.2,0.4,44.4,0.1,0.4,16.7,0.2,0.8,30.6,0.8,2.6,28.9
Daniel Gafford,WAS,22,2.3,2.9,76.7,0.6,1.1,51.7,0.0,0.1,16.7,0.0,0.0,0.0,0.0,0.0,0.0,0.0,0.0,0.0,0.0,0.0,0.0
Daniel Oturu,LAC,21,0.6,1.0,57.7,0.2,0.7,33.3,0.0,0.2,16.7,0.0,0.0,0.0,0.0,0.1,0.0,0.0,0.1,0.0,0.0,0.2,25.0
Daniel Theis,CHI,29,1.9,2.5,76.4,0.6,1.2,53.2,0.5,1.1,50.0,0.1,0.3,27.8,0.1,0.3,25.0,0.2,0.6,26.3,0.6,1.7,34.5
Danilo Gallinari,ATL,32,0.6,1.0,60.8,0.5,0.9,47.9,1.0,2.4,40.2,0.1,0.3,50.0,0.1,0.3,20.0,0.2,0.5,33.3,1.8,4.4,41.8
Danny Green,PHI,34,0.3,0.6,48.8,0.2,0.6,35.9,0.2,0.5,46.9,0.5,1.2,43.2,0.8,1.8,44.4,1.3,3.0,43.9,1.2,3.3,37.6
Dante Exum,HOU,25,1.0,1.3,75.0,0.3,1.2,28.6,0.0,0.0,0.0,0.2,0.2,100,0.0,0.4,0.0,0.2,0.6,33.3,0.2,1.6,12.5
Danuel House Jr.,HOU,28,1.2,2.1,55.8,0.2,0.5,35.3,0.2,0.6,31.8,0.3,0.8,34.5,0.3,0.9,33.3,0.6,1.6,33.9,0.9,2.7,34.4
Dario Saric,PHX,27,1.4,2.3,60.5,0.6,1.4,43.1,0.1,0.4,28.6,0.1,0.2,60.0,0.1,0.2,62.5,0.2,0.4,61.1,0.7,2.3,30.8
Darius Bazley,OKC,21,2.6,4.6,57.8,0.5,1.9,27.1,0.3,0.8,34.8,0.2,0.7,30.8,0.1,0.5,18.5,0.3,1.2,25.8,1.2,4.0,30.1
Darius Garland,CLE,21,2.4,4.1,57.1,1.6,4.0,40.8,0.7,1.7,42.6,0.2,0.5,37.0,0.2,0.4,52.4,0.4,0.9,43.8,1.6,4.0,38.5
Darius Miller,OKC,31,0.0,0.0,0.0,0.0,0.1,0.0,0.3,0.3,100,0.1,0.3,50.0,0.1,0.2,33.3,0.2,0.4,42.9,0.8,2.0,41.2
David Nwaba,HOU,28,2.6,4.1,63.7,0.3,1.0,33.3,0.0,0.0,0.0,0.0,0.4,0.0,0.2,0.7,31.6,0.2,1.1,18.8,0.4,1.0,35.5
Davis Bertans,WAS,28,0.3,0.4,68.0,0.1,0.2,36.4,0.1,0.2,21.4,0.3,0.6,45.7,0.2,0.5,40.0,0.5,1.1,43.1,2.5,6.3,39.2
De'Aaron Fox,SAC,23,3.9,5.6,68.9,2.3,5.1,46.1,1.2,3.0,39.0,0.1,0.3,36.8,0.1,0.2,41.7,0.2,0.5,38.7,1.6,5.0,31.6
De'Andre Hunter,ATL,23,1.7,2.7,63.9,1.1,1.9,56.8,1.1,2.1,52.1,0.2,0.8,31.3,0.2,0.7,25.0,0.4,1.4,28.1,1.0,2.7,35.5
De'Anthony Melton,MEM,23,0.8,1.5,56.0,0.6,1.6,39.8,0.2,0.4,43.5,0.3,0.6,45.2,0.1,0.4,38.9,0.4,0.9,42.9,1.3,3.2,40.5
DeAndre Jordan,BKN,32,3.2,4.0,79.9,0.1,0.3,43.8,0.0,0.1,0.0,0.0,0.0,0.0,0.0,0.0,0.0,0.0,0.0,0.0,0.0,0.0,0.0
DeAndre' Bembry,TOR,26,1.7,2.3,73.5,0.4,1.2,33.3,0.0,0.1,20.0,0.1,0.3,27.3,0.0,0.1,20.0,0.1,0.3,25.0,0.2,0.7,27.0
DeMar DeRozan,SAS,31,2.2,3.7,61.0,2.4,4.8,49.3,2.6,5.4,47.1,0.1,0.3,25.0,0.0,0.2,27.3,0.1,0.4,25.9,0.2,0.8,25.5
DeMarcus Cousins,LAC,30,1.6,3.1,51.6,0.4,0.8,45.5,0.1,0.3,27.3,0.1,0.1,66.7,0.1,0.2,28.6,0.1,0.3,40.0,1.0,3.0,34.4
Dean Wade,CLE,24,0.7,1.1,62.9,0.1,0.2,40.0,0.1,0.2,50.0,0.2,0.6,43.3,0.2,0.4,54.5,0.4,0.9,48.1,0.8,2.6,32.7
Deandre Ayton,PHX,22,4.3,5.8,74.8,1.3,2.5,52.4,0.6,1.4,40.0,0.0,0.0,0.0,0.0,0.0,0.0,0.0,0.0,0.0,0.1,0.3,20.0
Deividas Sirvydis,DET,21,0.2,0.5,50.0,0.0,0.1,0.0,0.0,0.1,0.0,0.2,0.5,42.9,0.0,0.3,0.0,0.2,0.6,27.3,0.4,0.9,41.2
Dejounte Murray,SAS,24,2.2,3.5,61.2,1.5,3.7,41.1,2.0,4.5,45.4,0.1,0.4,26.9,0.1,0.3,38.9,0.2,0.7,31.8,0.7,2.3,31.6
Delon Wright,SAC,29,1.9,3.1,61.7,0.8,2.0,37.2,0.1,0.3,33.3,0.1,0.3,33.3,0.1,0.3,41.2,0.2,0.6,36.8,0.8,2.1,37.6
Deni Avdija,WAS,20,0.8,1.3,66.2,0.5,1.1,43.9,0.1,0.4,36.8,0.1,0.5,25.9,0.1,0.5,30.4,0.3,0.9,28.0,0.7,2.2,33.3
Dennis Schroder,LAL,27,2.2,3.9,55.9,0.9,2.6,35.0,1.2,2.5,48.7,0.1,0.4,21.7,0.0,0.2,0.0,0.1,0.5,15.6,1.1,2.9,36.7
Dennis Smith Jr.,DET,23,0.9,1.7,53.8,0.4,0.9,45.0,0.4,1.2,32.1,0.1,0.2,50.0,0.0,0.0,0.0,0.1,0.2,50.0,0.7,2.3,31.5
Denzel Valentine,CHI,27,0.4,0.6,62.2,0.5,1.5,36.6,0.3,0.7,40.9,0.2,0.6,38.7,0.1,0.5,30.8,0.3,1.0,35.1,1.0,3.0,32.4
Derrick Favors,UTA,29,1.6,2.2,71.1,0.5,0.8,66.0,0.2,0.5,33.3,0.0,0.0,0.0,0.0,0.0,0.0,0.0,0.0,0.0,0.0,0.0,0.0
Derrick Jones Jr.,POR,24,1.7,2.6,65.4,0.1,0.2,28.6,0.0,0.0,0.0,0.2,0.5,41.4,0.3,0.9,28.6,0.5,1.4,33.3,0.3,1.0,29.8
Derrick Rose,NYK,32,1.7,3.4,50.6,1.7,3.4,50.3,1.3,2.9,46.2,0.1,0.2,33.3,0.0,0.1,28.6,0.1,0.4,31.6,0.9,2.2,40.0
Derrick White,SAS,26,1.5,2.4,60.9,1.0,2.4,42.0,0.3,1.0,34.3,0.3,0.6,50.0,0.3,0.7,45.8,0.6,1.2,47.7,1.8,5.5,31.7
Desmond Bane,MEM,23,0.9,1.5,60.4,0.5,1.2,45.1,0.3,0.7,42.2,0.3,0.7,47.8,0.3,0.5,53.1,0.6,1.1,50.0,1.1,2.8,40.4
Devin Booker,PHX,24,2.6,4.1,63.1,2.3,4.4,52.4,2.5,5.2,48.6,0.2,0.3,50.0,0.1,0.2,53.8,0.3,0.5,51.4,1.6,5.0,32.5
Devin Cannady,ORL,25,0.0,0.1,0.0,0.3,1.0,33.3,0.4,0.7,60.0,0.4,0.6,66.7,0.0,0.5,0.0,0.3,0.7,40.0,0.5,1.4,36.4
Devin Vassell,SAS,20,0.4,0.7,65.9,0.3,0.7,47.7,0.4,1.1,33.8,0.2,0.6,36.1,0.2,0.5,43.3,0.4,1.1,39.4,0.4,1.4,31.0
Devon Dotson,CHI,21,0.8,0.9,88.9,0.1,0.3,33.3,0.1,0.2,50.0,0.0,0.5,0.0,0.0,0.0,0.0,0.0,0.3,0.0,0.1,0.5,16.7
Devontae Cacok,LAL,24,0.8,1.1,72.7,0.1,0.4,14.3,0.0,0.0,0.0,0.0,0.0,0.0,0.0,0.0,0.0,0.0,0.0,0.0,0.0,0.0,0.0
Devonte' Graham,CHA,26,0.4,1.0,40.7,0.3,0.9,30.8,0.6,1.6,40.7,0.2,0.5,44.8,0.2,0.4,47.8,0.4,0.9,46.2,2.8,7.7,36.6
Dewayne Dedmon,MIA,31,2.3,2.8,82.2,0.4,0.8,58.3,0.1,0.2,33.3,0.0,0.1,0.0,0.0,0.0,0.0,0.0,0.1,0.0,0.1,0.3,25.0
Didi Louzada,NOP,21,0.3,1.0,33.3,0.0,0.3,0.0,0.0,0.3,0.0,0.3,0.7,50.0,0.0,0.3,0.0,0.3,1.0,33.3,0.3,1.7,20.0
Dillon Brooks,MEM,25,1.7,3.0,58.8,1.4,4.0,36.6,1.3,2.9,45.9,0.4,0.8,58.0,0.1,0.2,53.3,0.6,1.0,56.9,1.4,4.6,29.7
Domantas Sabonis,IND,25,5.1,7.2,71.5,1.4,3.3,42.4,0.5,1.5,29.8,0.1,0.1,80.0,0.0,0.1,25.0,0.1,0.1,55.6,0.8,2.5,30.7
Donovan Mitchell,UTA,24,2.5,4.3,57.5,1.8,4.3,41.0,1.4,3.3,43.4,0.2,0.6,38.7,0.1,0.4,35.0,0.4,1.0,37.3,3.0,7.7,39.2
Donta Hall,ORL,23,1.6,2.1,77.8,0.3,0.5,57.1,0.0,0.1,0.0,0.0,0.0,0.0,0.0,0.0,0.0,0.0,0.0,0.0,0.0,0.0,0.0
Donte DiVincenzo,MIL,24,1.4,2.7,54.3,0.2,0.7,27.7,0.2,0.5,40.0,0.2,0.6,43.2,0.2,0.4,38.5,0.4,1.0,41.3,1.6,4.3,37.2
Dorian Finney-Smith,DAL,28,1.5,2.0,74.4,0.2,0.5,30.0,0.0,0.2,15.4,0.4,1.1,33.3,0.5,1.1,40.3,0.8,2.2,36.8,1.2,2.8,41.4
Doug McDermott,IND,29,3.2,4.6,69.5,0.4,0.9,41.4,0.1,0.2,43.8,0.4,0.8,44.2,0.1,0.2,35.7,0.4,1.0,42.4,1.3,3.3,37.7
Draymond Green,GSW,31,1.7,2.6,64.2,0.4,1.0,37.5,0.1,0.4,28.6,0.0,0.1,25.0,0.1,0.1,50.0,0.1,0.3,37.5,0.4,1.7,25.9
Drew Eubanks,SAS,24,1.5,2.4,64.6,0.4,1.1,35.6,0.2,0.3,64.7,0.0,0.0,100,0.0,0.0,100,0.0,0.0,100,0.0,0.0,0.0
Duncan Robinson,MIA,27,0.7,0.9,79.0,0.2,0.3,50.0,0.1,0.3,25.0,0.2,0.7,30.0,0.4,1.0,40.0,0.6,1.7,36.0,2.8,6.8,42.0
Dwayne Bacon,ORL,25,1.7,3.1,55.1,0.9,2.4,39.1,0.6,1.8,33.9,0.1,0.4,17.2,0.0,0.1,50.0,0.1,0.5,22.9,0.7,2.4,30.0
Dwight Howard,PHI,35,2.0,3.2,62.9,0.4,0.7,55.6,0.1,0.2,50.0,0.0,0.0,0.0,0.0,0.0,50.0,0.0,0.0,33.3,0.1,0.2,25.0
Dwight Powell,DAL,29,1.9,2.7,71.2,0.1,0.3,23.5,0.0,0.0,0.0,0.0,0.0,0.0,0.0,0.0,0.0,0.0,0.0,0.0,0.1,0.4,23.8
Dylan Windler,CLE,24,0.8,1.2,63.2,0.2,0.4,41.7,0.1,0.1,66.7,0.1,0.7,15.8,0.4,0.8,47.1,0.4,1.2,30.6,0.5,1.3,36.6
E'Twaun Moore,PHX,32,0.5,1.1,43.3,0.9,1.6,57.1,0.3,0.5,50.0,0.1,0.3,33.3,0.1,0.2,75.0,0.2,0.4,50.0,0.2,0.9,24.0
Ed Davis,MIN,32,0.8,1.8,43.6,0.1,0.2,40.0,0.0,0.0,0.0,0.0,0.0,0.0,0.0,0.0,0.0,0.0,0.0,0.0,0.0,0.0,0.0
Edmond Sumner,IND,25,1.9,2.8,67.1,0.2,0.7,33.3,0.1,0.2,25.0,0.2,0.5,36.4,0.2,0.3,50.0,0.3,0.7,41.7,0.4,1.0,39.2
Elfrid Payton,NYK,27,2.4,4.4,54.5,1.1,3.0,37.9,0.3,1.0,31.7,0.0,0.1,50.0,0.1,0.6,26.5,0.2,0.6,30.0,0.3,0.9,28.1
Elijah Bryant,MIL,26,3.0,5.0,60.0,1.0,2.0,50.0,1.0,1.0,100,0.0,0.0,0.0,0.0,0.0,0.0,0.0,0.0,0.0,1.0,5.0,20.0
Elijah Hughes,UTA,23,0.0,0.1,0.0,0.1,0.3,25.0,0.1,0.2,50.0,0.3,0.4,75.0,0.2,0.2,100,0.4,0.5,83.3,0.2,0.9,17.6
Enes Kanter,POR,29,4.1,6.2,65.8,0.6,1.4,43.0,0.0,0.1,10.0,0.0,0.0,0.0,0.0,0.0,0.0,0.0,0.0,0.0,0.0,0.0,33.3
Eric Bledsoe,NOP,31,1.2,1.9,65.2,0.8,2.0,38.7,0.6,1.4,43.9,0.2,0.5,38.5,0.2,0.6,31.8,0.4,1.2,34.9,1.3,3.8,33.9
Eric Gordon,HOU,32,2.7,3.9,68.9,0.6,1.7,37.8,0.0,0.2,0.0,0.1,0.2,50.0,0.1,0.2,33.3,0.2,0.4,41.7,2.4,7.3,32.3
Eric Paschall,GSW,24,1.7,2.7,64.5,0.6,1.5,38.3,1.0,1.9,49.4,0.1,0.1,50.0,0.1,0.2,33.3,0.1,0.3,38.5,0.3,1.0,31.7
Ersan Ilyasova,UTA,34,0.1,0.4,33.3,0.0,0.0,0.0,0.1,0.5,14.3,0.1,0.5,16.7,0.1,0.4,33.3,0.2,0.7,25.0,0.9,1.7,51.7
Evan Fournier,BOS,28,1.3,2.2,57.4,1.0,2.1,49.4,0.8,1.8,42.1,0.4,0.8,51.6,0.2,0.4,64.3,0.6,1.1,55.6,2.2,5.7,39.1
Facundo Campazzo,DEN,30,0.4,0.8,57.1,0.2,0.6,35.1,0.0,0.2,23.1,0.3,0.5,54.8,0.2,0.5,33.3,0.4,1.0,44.3,0.8,2.4,32.0
Frank Jackson,DET,23,0.9,1.3,66.0,0.7,1.5,44.3,0.3,0.7,37.9,0.4,1.1,38.5,0.5,0.7,72.0,0.9,1.7,51.6,0.7,2.2,32.6
Frank Kaminsky,PHX,28,1.2,1.9,61.8,0.6,1.3,47.5,0.1,0.5,27.3,0.2,0.3,72.7,0.0,0.1,0.0,0.2,0.4,50.0,0.5,1.5,33.3
Frank Mason III,ORL,27,1.8,3.8,46.7,0.0,0.8,0.0,0.0,0.3,0.0,0.3,0.3,100,0.0,0.0,0.0,0.3,0.3,100,0.3,1.0,25.0
Frank Ntilikina,NYK,22,0.1,0.1,66.7,0.1,0.4,18.2,0.1,0.7,11.8,0.3,0.4,66.7,0.3,0.5,63.6,0.5,0.7,65.0,0.3,0.9,37.0
Fred VanVleet,TOR,27,1.7,3.5,50.0,0.6,2.0,31.7,0.8,2.1,37.3,0.1,0.5,17.9,0.2,0.5,32.0,0.3,1.0,24.5,3.1,8.1,38.3
Freddie Gillespie,TOR,24,1.7,2.5,66.0,0.5,1.3,34.6,0.1,0.4,25.0,0.0,0.0,0.0,0.0,0.0,0.0,0.0,0.0,0.0,0.0,0.0,0.0
Furkan Korkmaz,PHI,23,0.8,1.2,62.7,0.2,0.7,31.6,0.3,0.9,30.0,0.2,0.7,28.6,0.5,0.8,53.8,0.6,1.4,41.9,1.3,3.5,36.6
Gabe Vincent,MIA,25,0.7,1.1,64.2,0.1,0.4,25.0,0.1,0.2,27.3,0.1,0.6,21.7,0.1,0.5,27.8,0.2,0.9,24.4,0.7,2.2,33.3
Gabriel Deck,OKC,26,1.2,2.2,54.5,1.2,1.9,63.2,0.6,1.1,54.5,0.0,0.4,0.0,0.1,0.3,33.3,0.1,0.7,14.3,0.1,0.7,14.3
Garrett Temple,CHI,35,1.1,1.8,57.8,0.3,0.6,42.4,0.3,0.8,39.1,0.3,1.0,32.7,0.3,0.8,36.4,0.6,1.8,34.3,0.6,1.8,32.7
Garrison Mathews,WAS,24,0.2,0.2,73.3,0.1,0.1,44.4,0.1,0.3,40.0,0.4,0.9,43.8,0.2,0.3,61.1,0.6,1.1,48.5,0.7,2.1,33.6
Gary Clark,PHI,26,0.2,0.2,77.8,0.1,0.3,20.0,0.0,0.1,0.0,0.3,0.7,47.8,0.2,0.7,33.3,0.5,1.3,40.9,0.3,1.6,20.6
Gary Harris,ORL,26,1.6,2.8,55.5,0.3,1.2,27.7,0.4,1.2,34.0,0.3,0.9,39.4,0.2,0.5,47.4,0.6,1.3,42.3,0.7,2.3,29.2
Gary Payton II,GSW,28,1.3,1.5,88.9,0.0,0.0,0.0,0.0,0.0,0.0,0.3,0.5,50.0,0.0,0.2,0.0,0.2,0.6,33.3,0.1,0.1,100
Gary Trent Jr.,TOR,22,1.0,1.8,58.3,0.6,1.8,35.3,1.0,2.6,38.8,0.3,0.8,40.4,0.3,0.7,39.5,0.6,1.5,40.0,2.3,5.9,38.3
George Hill,PHI,35,1.2,1.9,63.8,0.5,1.2,44.4,0.4,0.8,47.8,0.2,0.4,50.0,0.1,0.4,36.4,0.3,0.8,43.5,0.7,1.9,36.8
Georges Niang,UTA,28,0.3,0.5,51.3,0.4,0.8,48.3,0.1,0.2,31.3,0.5,1.1,45.6,0.3,0.8,37.3,0.7,1.7,42.0,1.0,2.4,42.8
Giannis Antetokounmpo,MIL,26,7.3,9.0,80.7,1.2,3.2,37.1,0.8,2.3,35.7,0.1,0.1,50.0,0.0,0.1,0.0,0.1,0.2,27.3,1.1,3.5,30.5
Glenn Robinson III,SAC,27,0.4,1.0,41.7,0.7,1.1,60.0,0.0,0.3,16.7,0.2,0.9,26.3,0.3,0.4,77.8,0.5,1.3,42.9,0.2,0.7,25.0
Goga Bitadze,IND,21,1.1,1.8,61.0,0.2,0.6,35.7,0.1,0.2,60.0,0.0,0.1,0.0,0.0,0.1,0.0,0.0,0.1,0.0,0.4,1.7,26.7
Goran Dragic,MIA,35,1.7,3.0,56.4,0.7,1.7,41.9,0.6,1.5,38.2,0.3,0.6,55.6,0.2,0.3,50.0,0.5,0.9,53.5,1.4,4.0,34.0
Gordon Hayward,CHA,31,2.3,3.6,63.1,1.5,3.5,42.9,1.3,3.1,42.3,0.2,0.3,53.3,0.3,0.5,71.4,0.5,0.8,63.9,1.4,3.8,36.7
Gorgui Dieng,SAS,31,0.9,1.2,77.3,0.3,0.7,48.1,0.2,0.6,36.4,0.1,0.1,75.0,0.1,0.2,50.0,0.2,0.3,58.3,0.6,1.6,39.7
Grant Riller,CHA,24,0.4,0.4,100,0.0,0.0,0.0,0.5,0.8,60.0,0.3,0.3,100,0.0,0.0,0.0,0.2,0.2,100,0.1,0.4,33.3
Grant Williams,BOS,22,0.6,1.0,60.3,0.3,0.7,41.5,0.1,0.2,35.7,0.3,0.6,45.7,0.2,0.4,42.9,0.4,0.9,44.6,0.4,1.2,31.5
Grayson Allen,MEM,25,0.7,1.1,64.3,0.5,1.3,37.3,0.1,0.3,29.4,0.3,0.6,50.0,0.1,0.4,19.0,0.4,1.0,36.7,1.8,4.5,39.6
Greg Whittington,DEN,28,0.0,0.0,0.0,0.0,0.0,0.0,0.0,0.3,0.0,0,0,0,0.0,1.0,0.0,0.0,1.0,0.0,0.0,0.3,0.0
Hamidou Diallo,DET,22,2.6,4.2,62.0,0.8,2.1,36.9,0.4,1.2,34.4,0.0,0.3,14.3,0.1,0.2,50.0,0.1,0.5,29.2,0.4,1.1,35.1
Harrison Barnes,SAC,29,2.7,4.0,67.5,0.9,2.2,41.1,0.1,0.4,34.8,0.3,0.5,56.7,0.2,0.6,43.8,0.5,1.1,50.0,1.2,3.3,35.6
Harry Giles III,POR,23,0.7,1.2,58.5,0.1,0.5,25.0,0.1,0.3,38.5,0.1,0.1,66.7,0.0,0.1,33.3,0.1,0.2,50.0,0.1,0.5,29.4
Hassan Whiteside,SAC,32,1.9,2.8,66.3,1.3,2.8,47.5,0.3,0.6,52.2,0.0,0.0,0.0,0.0,0.0,0.0,0.0,0.0,0.0,0.0,0.0,0.0
Henry Ellenson,TOR,24,1.5,2.5,60.0,0.0,0.0,0.0,0.0,0.0,0.0,0.0,0.5,0.0,0.0,1.0,0.0,0.0,1.5,0.0,1.0,3.0,33.3
Ignas Brazdeikis,ORL,22,1.2,2.3,53.3,0.4,1.2,33.3,0.3,0.8,30.0,0.0,0.3,0.0,0.2,0.4,50.0,0.2,0.8,28.6,0.8,1.7,45.0
Iman Shumpert,BKN,31,0.0,0.0,0.0,0.5,0.5,100,0.0,0.0,0.0,0.0,0.0,0.0,0.0,0.0,0.0,0.0,0.0,0.0,0.0,1.5,0.0
Immanuel Quickley,NYK,22,0.4,0.7,56.8,1.0,2.5,38.3,0.4,1.1,33.8,0.1,0.2,25.0,0.2,0.3,56.3,0.2,0.4,42.9,1.7,4.3,38.5
Isaac Bonga,WAS,21,0.3,0.4,62.5,0.2,0.5,41.2,0.0,0.1,0.0,0.2,0.6,37.5,0.1,0.5,26.7,0.3,0.9,32.3,0.1,0.4,20.0
Isaac Okoro,CLE,20,2.1,3.7,58.4,0.4,1.1,35.1,0.0,0.3,13.0,0.2,0.6,28.2,0.3,0.7,41.7,0.5,1.3,35.6,0.5,1.9,24.4
Isaiah Hartenstein,CLE,23,1.5,2.4,63.6,0.4,1.0,40.4,0.1,0.2,37.5,0.0,0.0,0.0,0.0,0.0,0.0,0.0,0.0,0.0,0.0,0.1,33.3
Isaiah Joe,PHI,21,0.0,0.1,25.0,0.0,0.2,16.7,0.2,0.5,41.2,0.0,0.2,20.0,0.3,0.9,35.3,0.3,0.8,31.8,0.8,2.0,38.1
Isaiah Roby,OKC,23,2.2,3.6,62.1,0.5,1.4,39.3,0.1,0.3,36.8,0.1,0.2,45.5,0.1,0.2,40.0,0.2,0.4,42.9,0.4,1.4,26.2
Isaiah Stewart,DET,20,2.2,3.5,63.8,0.6,1.2,50.0,0.2,0.4,48.3,0.0,0.0,0.0,0.0,0.0,33.3,0.0,0.1,20.0,0.3,0.9,34.5
Isaiah Thomas,NOP,32,0.7,1.7,40.0,0.3,1.0,33.3,1.0,2.3,42.9,0.0,0.0,0.0,0.3,0.7,50.0,0.3,0.7,50.0,0.7,3.3,20.0
Ish Smith,WAS,32,0.9,1.6,52.8,0.8,1.7,48.6,0.8,2.3,36.3,0.1,0.3,33.3,0.1,0.2,50.0,0.2,0.5,40.0,0.2,0.6,35.7
Ivica Zubac,LAC,24,3.1,4.5,68.9,0.5,0.9,50.8,0.0,0.1,40.0,0.0,0.0,0.0,0.0,0.0,0.0,0.0,0.0,0.0,0.0,0.0,33.3
JJ Redick,DAL,37,0.1,0.2,71.4,0.0,0.2,28.6,0.8,1.7,44.6,0.1,0.3,36.4,0.2,0.5,43.5,0.3,0.8,41.2,1.2,3.3,35.9
Ja Morant,MEM,21,3.5,5.8,60.4,1.8,4.7,38.2,0.4,0.9,42.9,0.0,0.2,18.2,0.1,0.2,33.3,0.1,0.4,26.9,1.0,3.4,30.8
JaKarr Sampson,IND,28,1.1,2.1,54.1,0.6,1.1,50.0,0.1,0.2,80.0,0.0,0.3,0.0,0.0,0.1,0.0,0.0,0.3,0.0,0.1,0.2,50.0
JaMychal Green,DEN,31,1.2,1.9,63.4,0.3,0.7,42.5,0.1,0.4,25.0,0.3,0.7,44.7,0.1,0.4,36.8,0.4,1.0,42.1,0.9,2.4,39.0
JaVale McGee,DEN,33,2.1,3.1,67.4,0.8,1.9,40.4,0.2,0.6,28.6,0.0,0.1,33.3,0.0,0.0,0.0,0.0,0.1,25.0,0.1,0.4,20.0
Jabari Parker,BOS,26,1.4,1.5,90.0,0.3,0.8,36.4,0.5,1.1,46.2,0.0,0.2,0.0,0.0,0.1,0.0,0.0,0.2,0.0,0.2,0.6,25.0
Jaden McDaniels,MIN,20,0.9,1.4,65.6,0.4,0.8,47.1,0.1,0.5,31.0,0.3,0.7,45.5,0.2,0.5,32.1,0.5,1.2,40.3,0.7,2.0,34.7
Jae Crowder,PHX,30,0.5,0.7,63.6,0.1,0.4,27.3,0.3,0.8,37.0,0.3,0.9,35.8,0.4,0.8,47.9,0.7,1.7,41.6,1.8,4.7,38.0
Jae'Sean Tate,HOU,25,3.0,4.4,68.5,0.6,1.6,38.4,0.0,0.1,20.0,0.3,0.6,40.0,0.2,0.6,28.2,0.4,1.2,34.5,0.4,1.6,27.9
Jahlil Okafor,DET,25,1.7,2.5,66.2,0.4,0.7,66.7,0.1,0.3,57.1,0.0,0.0,0.0,0.0,0.0,0.0,0.0,0.0,0.0,0.1,0.3,25.0
Jahmi'us Ramsey,SAC,20,0.7,0.8,81.8,0.1,0.5,16.7,0.0,0.2,0.0,0.1,0.3,50.0,0.1,0.4,33.3,0.2,0.5,40.0,0.2,1.1,21.4
Jake Layman,MIN,27,1.4,2.0,70.1,0.1,0.3,30.8,0.1,0.1,50.0,0.1,0.5,25.0,0.0,0.2,0.0,0.1,0.7,17.9,0.4,1.1,36.7
Jakob Poeltl,SAS,25,2.9,4.1,69.6,0.8,1.8,47.1,0.1,0.3,39.1,0.0,0.0,0.0,0.0,0.0,0.0,0.0,0.0,0.0,0.0,0.0,0.0
Jalen Brunson,DAL,24,1.7,2.4,70.9,1.1,2.4,48.8,0.8,1.5,51.0,0.2,0.4,48.3,0.2,0.4,53.3,0.4,0.9,50.8,0.8,2.1,36.2
Jalen Harris,TOR,22,0.9,1.5,60.0,0.3,0.8,33.3,0.3,0.6,57.1,0.1,0.3,33.3,0.6,0.8,75.0,0.6,1.0,63.6,0.8,1.8,41.7
Jalen Lecque,IND,21,0.3,1.0,25.0,0.0,0.5,0.0,0.0,0.5,0.0,0,0,0,0.0,0.0,0.0,0.0,0.0,0.0,0.0,0.3,0.0
Jalen McDaniels,CHA,23,1.6,2.5,63.5,0.4,1.2,37.5,0.1,0.2,50.0,0.2,0.8,29.4,0.2,0.6,39.1,0.4,1.2,33.3,0.3,1.0,34.0
Jalen Smith,PHX,21,0.6,0.9,68.2,0.1,0.3,28.6,0.1,0.2,25.0,0.0,0.0,0.0,0.3,0.7,42.9,0.2,0.4,42.9,0.0,0.4,10.0
Jamal Murray,DEN,24,2.0,2.7,71.8,1.3,2.6,49.6,1.9,4.5,42.2,0.2,0.5,45.8,0.2,0.4,52.6,0.4,0.9,48.8,2.3,5.7,39.7
James Ennis III,ORL,30,1.1,2.0,58.8,0.4,1.0,34.9,0.2,0.4,50.0,0.3,0.4,75.0,0.1,0.3,23.1,0.4,0.7,51.7,0.7,1.8,40.0
James Harden,BKN,31,3.0,4.8,63.2,1.8,3.8,46.2,0.2,0.4,47.4,0.0,0.1,16.7,0.1,0.2,40.0,0.1,0.4,31.3,2.6,7.2,36.7
James Johnson,NOP,34,1.8,2.8,65.2,0.3,1.1,32.1,0.1,0.3,46.2,0.1,0.5,27.3,0.1,0.7,20.0,0.2,1.0,23.1,0.4,1.3,28.4
James Nunnally,NOP,30,0.0,0.0,0.0,0.0,0.0,0.0,0.1,0.1,100,0.3,0.7,50.0,0.2,0.4,50.0,0.4,0.9,50.0,0.1,0.7,16.7
James Wiseman,GSW,20,3.2,4.3,75.4,0.7,2.1,31.3,0.7,2.1,33.3,0.0,0.1,0.0,0.0,0.0,100,0.0,0.1,33.3,0.3,0.9,32.4
Jared Dudley,LAL,35,0.0,0.1,0.0,0.0,0.0,0.0,0.0,0.2,0.0,0.0,0.0,0.0,0.0,0.0,0.0,0.0,0.0,0.0,0.2,0.5,33.3
Jared Harper,NYK,23,0.0,0.0,0.0,0.0,0.5,0.0,0.0,0.0,0.0,0.0,0.0,0.0,0.0,0.0,0.0,0.0,0.0,0.0,0.0,0.1,0.0
Jaren Jackson Jr.,MEM,21,2.2,3.1,70.6,1.0,2.6,37.9,0.2,0.3,66.7,0.4,1.1,33.3,0.0,0.4,0.0,0.4,1.5,25.0,1.1,3.8,28.6
Jarred Vanderbilt,MIN,22,2.1,3.1,68.2,0.1,0.4,17.9,0.0,0.0,0.0,0.0,0.0,50.0,0.0,0.0,0.0,0.0,0.1,33.3,0.0,0.0,0.0
Jarrell Brantley,UTA,25,0.4,0.6,66.7,0.1,0.3,42.9,0.0,0.1,0.0,0.3,0.7,45.5,0.1,0.2,50.0,0.3,0.7,46.7,0.2,0.5,38.5
Jarrett Allen,CLE,23,3.7,5.1,72.2,0.8,1.7,44.0,0.2,0.5,33.3,0.0,0.0,33.3,0.0,0.1,25.0,0.0,0.1,28.6,0.1,0.2,33.3
Jarrett Culver,MIN,22,1.4,2.4,58.8,0.2,0.9,25.8,0.0,0.1,25.0,0.1,0.3,37.5,0.1,0.3,25.0,0.2,0.5,31.3,0.2,1.1,21.6
Javonte Green,CHI,27,0.9,1.2,70.8,0.1,0.5,27.8,0.1,0.2,66.7,0.1,0.3,33.3,0.2,0.3,62.5,0.2,0.5,50.0,0.1,0.4,18.8
Jaxson Hayes,NOP,21,2.3,3.3,69.9,0.4,0.9,46.3,0.1,0.3,43.8,0.0,0.0,0.0,0.0,0.1,40.0,0.0,0.1,40.0,0.1,0.1,37.5
Jay Scrubb,LAC,20,1.5,3.0,50.0,0.5,1.8,28.6,1.0,2.0,50.0,0.0,1.0,0.0,0.3,0.3,100,0.3,0.8,33.3,0.3,1.5,16.7
Jaylen Adams,MIL,25,0.0,0.5,0.0,0.0,0.4,0.0,0.3,0.3,100,0.0,0.0,0.0,0.0,0.0,0.0,0.0,0.0,0.0,0.0,0.3,0.0
Jaylen Brown,BOS,24,3.4,5.0,67.8,1.7,4.4,39.8,1.4,2.7,50.0,0.3,0.7,52.6,0.2,0.6,27.3,0.5,1.2,40.8,2.3,5.8,39.5
Jaylen Hoard,OKC,22,2.0,3.1,64.4,0.3,0.9,29.4,0.1,0.1,100,0.0,0.2,0.0,0.0,0.1,0.0,0.0,0.3,0.0,0.0,0.3,0.0
Jaylen Nowell,MIN,21,0.8,1.5,50.8,0.8,1.8,45.9,0.7,1.2,56.3,0.2,0.5,44.4,0.1,0.3,41.7,0.3,0.8,43.3,0.8,2.8,29.9
Jayson Tatum,BOS,23,3.5,5.1,68.1,1.5,3.8,38.8,1.6,4.1,38.7,0.3,0.7,41.9,0.1,0.4,28.6,0.4,1.1,36.6,2.5,6.5,38.9
Jeff Green,BKN,34,1.7,2.4,69.3,0.4,1.1,37.7,0.2,0.5,37.8,0.3,0.6,52.4,0.4,1.0,38.8,0.7,1.6,44.0,0.8,2.0,39.9
Jeff Teague,MIL,33,0.7,1.2,64.1,0.7,1.9,36.8,0.1,0.6,21.9,0.0,0.2,14.3,0.1,0.2,62.5,0.1,0.3,40.0,0.5,1.2,44.8
Jerami Grant,DET,27,2.7,4.4,62.2,1.1,3.1,36.5,1.4,3.6,38.5,0.2,0.6,27.3,0.3,0.7,43.2,0.5,1.3,35.7,1.7,4.8,34.7
Jeremiah Martin,CLE,25,0.5,1.4,36.4,0.0,0.7,0.0,0.2,0.4,50.0,0.2,0.4,50.0,0.0,0.1,0.0,0.1,0.4,33.3,0.2,1.0,22.2
Jeremy Lamb,IND,29,0.8,1.5,53.7,0.7,1.6,42.1,0.4,1.0,40.5,0.0,0.1,0.0,0.2,0.2,71.4,0.1,0.3,41.7,1.3,3.2,40.9
Jerome Robinson,WAS,24,0.4,0.8,58.3,0.1,1.1,5.9,0.6,1.6,37.5,0.1,0.2,50.0,0.3,0.8,44.4,0.4,0.8,45.5,0.4,1.8,19.4
Jevon Carter,PHX,25,0.2,0.3,58.8,0.2,0.3,52.6,0.3,0.6,50.0,0.2,0.6,39.3,0.1,0.2,40.0,0.3,0.7,39.5,0.7,1.9,36.6
Jimmy Butler,MIA,31,4.0,5.9,67.4,1.3,3.4,39.8,1.2,2.9,42.4,0.1,0.3,35.7,0.1,0.4,22.7,0.2,0.7,27.8,0.3,1.2,23.4
Joe Harris,BKN,29,1.3,2.0,63.5,0.5,1.0,50.0,0.3,0.8,42.9,0.3,0.4,58.6,0.5,1.0,44.8,0.7,1.4,49.0,2.4,5.0,47.1
Joe Ingles,UTA,33,0.9,1.3,68.2,0.5,0.9,50.8,0.0,0.1,42.9,0.4,0.8,45.3,0.3,0.7,50.0,0.7,1.4,47.4,2.0,4.6,44.0
Joel Embiid,PHI,27,3.2,4.7,68.9,1.9,4.4,44.6,2.7,5.6,49.1,0.0,0.1,40.0,0.0,0.1,66.7,0.1,0.2,50.0,1.1,2.8,37.2
John Collins,ATL,23,3.4,4.7,72.6,1.2,2.5,47.4,0.9,1.7,50.5,0.2,0.3,58.8,0.2,0.6,30.6,0.3,0.8,39.6,1.0,2.4,40.3
John Konchar,MEM,25,0.9,1.2,70.6,0.2,0.5,36.4,0.1,0.2,44.4,0.2,0.5,36.8,0.1,0.2,37.5,0.3,0.7,37.0,0.3,0.7,37.9
John Wall,HOU,30,3.5,6.3,55.4,0.7,2.0,35.8,1.2,3.6,31.7,0.1,0.2,25.0,0.1,0.2,55.6,0.2,0.4,41.2,1.8,5.8,31.2
Jonas Valanciunas,MEM,29,4.3,6.3,67.4,2.1,4.0,52.0,0.4,0.7,55.8,0.0,0.0,0.0,0.1,0.1,57.1,0.1,0.2,40.0,0.3,0.8,36.2
Jontay Porter,MEM,21,0.2,0.3,66.7,0.2,0.2,100,0.1,0.2,50.0,0.0,0.0,0.0,0.0,0.0,0.0,0.0,0.0,0.0,0.3,0.8,37.5
Jordan Bell,GSW,26,1.2,2.6,46.2,0.0,0.8,0.0,0.2,0.3,50.0,0.0,0.3,0.0,0.0,0.0,0.0,0.0,0.3,0.0,0.0,0.2,0.0
Jordan Bone,ORL,23,0.1,0.1,100,0.4,0.4,100,0.5,1.1,43.8,0.0,0.7,0.0,0.0,0.2,0.0,0.0,0.8,0.0,0.7,1.6,45.5
Jordan Clarkson,UTA,29,1.2,2.0,60.7,2.2,4.3,51.5,0.2,0.7,33.3,0.3,1.0,33.8,0.1,0.6,20.0,0.5,1.6,28.7,2.6,7.2,36.1
Jordan McLaughlin,MIN,25,0.9,1.8,48.4,0.4,0.9,40.9,0.1,0.3,35.7,0.1,0.3,26.7,0.1,0.2,37.5,0.1,0.5,30.4,0.5,1.3,36.8
Jordan Nwora,MIL,22,0.6,1.1,50.0,0.2,0.6,40.0,0.5,1.0,46.4,0.1,0.3,33.3,0.2,0.4,50.0,0.2,0.5,41.7,0.8,1.6,46.9
Jordan Poole,GSW,22,1.2,1.8,70.0,0.6,1.3,44.6,0.3,0.9,38.6,0.2,0.4,64.7,0.2,0.3,57.1,0.4,0.6,61.3,1.5,4.9,31.3
Josh Green,DAL,20,0.8,1.2,66.7,0.1,0.4,38.5,0.1,0.3,30.0,0.1,0.5,15.4,0.1,0.2,33.3,0.1,0.6,21.1,0.0,0.2,0.0
Josh Hall,OKC,20,0.5,1.0,45.5,0.7,1.7,42.4,0.1,0.3,28.6,0.0,0.2,0.0,0.0,0.2,0.0,0.0,0.3,0.0,0.2,1.5,13.3
Josh Hart,NOP,26,1.5,2.3,63.3,0.2,0.4,50.0,0.2,0.5,40.9,0.1,0.7,18.8,0.3,0.8,37.8,0.4,1.5,29.0,0.9,2.6,34.1
Josh Jackson,DET,24,2.2,3.6,59.6,0.7,2.2,33.3,0.6,1.5,44.4,0.2,0.6,36.8,0.2,0.6,24.3,0.4,1.2,30.7,0.9,2.9,30.0
Josh Okogie,MIN,22,1.2,2.0,59.3,0.0,0.4,9.5,0.0,0.2,20.0,0.2,0.4,45.5,0.1,0.4,20.8,0.3,0.8,32.6,0.2,1.0,22.0
Josh Richardson,DAL,27,1.2,1.9,63.7,1.0,2.3,45.1,0.7,1.8,41.9,0.2,0.5,37.5,0.1,0.4,22.7,0.3,0.9,31.5,1.2,3.6,33.5
Jrue Holiday,MIL,31,3.1,4.6,66.1,1.3,2.8,46.4,0.8,1.7,45.0,0.2,0.5,39.3,0.1,0.4,30.8,0.3,0.9,35.2,1.6,3.8,40.5
Juan Toscano-Anderson,GSW,28,1.4,1.8,76.6,0.2,0.4,47.6,0.0,0.0,100,0.1,0.3,28.6,0.1,0.4,41.2,0.2,0.6,35.5,0.5,1.1,44.1
Juancho Hernangomez,MIN,25,1.3,2.1,63.6,0.1,0.4,26.3,0.0,0.0,0.0,0.2,0.4,43.8,0.2,0.5,43.5,0.3,0.8,43.6,0.7,2.5,29.5
Julius Randle,NYK,26,2.2,3.7,59.6,1.6,3.6,44.1,2.4,5.8,41.5,0.3,0.6,41.3,0.3,0.6,43.9,0.5,1.2,42.5,1.7,4.2,41.0
Justin Holiday,IND,32,0.9,1.5,58.2,0.0,0.2,20.0,0.3,0.7,38.3,0.5,1.1,47.4,0.5,1.4,40.0,1.0,2.4,43.4,1.4,3.9,35.0
Justin Jackson,MIL,26,0.8,1.2,67.5,0.5,1.2,43.9,0.3,0.7,37.5,0.1,0.5,14.3,0.1,0.2,33.3,0.1,0.6,20.0,0.9,2.8,32.3
Justin James,SAC,24,0.6,0.8,67.9,0.4,0.9,45.2,0.2,0.5,35.7,0.1,0.3,42.9,0.1,0.4,28.6,0.2,0.6,35.7,0.3,0.7,39.1
Justin Patton,HOU,24,0.9,1.4,66.7,0.5,1.0,46.2,0.2,0.4,40.0,0.1,0.5,16.7,0.2,1.0,18.2,0.2,1.3,17.6,0.5,1.3,35.3
Justin Robinson,OKC,23,0.2,0.3,66.7,0.1,0.1,100,0.0,0.3,0.0,0.0,0.3,0.0,0.0,0.0,0.0,0.0,0.3,0.0,0.4,1.3,33.3
Justise Winslow,MEM,25,1.2,2.3,52.5,0.9,2.6,35.8,0.3,1.2,30.0,0.2,0.8,25.0,0.0,0.2,0.0,0.2,0.9,20.8,0.2,1.2,16.7
Jusuf Nurkic,POR,26,3.5,6.0,57.7,0.8,1.8,43.1,0.1,0.4,18.8,0.0,0.0,0.0,0.0,0.0,0.0,0.0,0.0,0.0,0.3,0.8,41.4
Juwan Morgan,UTA,24,0.4,0.5,66.7,0.0,0.0,0.0,0.0,0.0,0.0,0.0,0.1,0.0,0.1,0.1,50.0,0.0,0.1,33.3,0.1,0.4,30.0
KJ Martin,HOU,20,2.6,4.0,66.3,0.2,0.9,22.5,0.0,0.1,0.0,0.2,0.3,46.7,0.1,0.4,18.8,0.2,0.7,32.3,0.6,1.4,39.1
KZ Okpala,MIA,22,0.6,1.0,62.9,0.0,0.2,14.3,0.0,0.1,25.0,0.2,0.5,35.7,0.1,0.6,13.3,0.2,1.0,24.1,0.1,0.6,23.8
Karim Mane,ORL,21,0.2,0.8,28.6,0.0,0.4,0.0,0.0,0.0,0.0,0.0,0.0,0.0,0.0,0.0,0.0,0.0,0.0,0.0,0.1,0.2,50.0
Karl-Anthony Towns,MIN,25,3.9,5.9,66.2,1.5,3.2,45.1,0.7,2.0,33.3,0.0,0.3,13.3,0.1,0.2,45.5,0.1,0.5,26.9,2.3,5.8,39.8
Kawhi Leonard,LAC,30,2.8,3.7,75.1,2.3,4.5,50.2,2.0,4.4,44.7,0.3,0.5,48.1,0.2,0.4,52.6,0.4,0.9,50.0,1.5,4.0,37.7
Keita Bates-Diop,SAS,25,0.9,1.2,73.3,0.1,0.6,17.6,0.0,0.1,0.0,0.0,0.1,0.0,0.1,0.5,28.6,0.1,0.4,22.2,0.1,0.3,37.5
Kelan Martin,IND,25,0.7,1.2,56.1,0.2,0.7,33.3,0.3,0.5,50.0,0.1,0.3,42.9,0.2,0.3,57.1,0.3,0.5,50.0,0.5,1.5,37.0
Keldon Johnson,SAS,21,3.0,5.0,59.7,0.7,1.9,36.1,0.3,0.6,52.3,0.1,0.4,25.0,0.1,0.3,35.3,0.2,0.7,28.9,0.7,1.9,35.1
Keljin Blevins,POR,25,0.1,0.4,33.3,0.1,0.4,16.7,0.0,0.0,0.0,0.0,0.0,0.0,0.1,0.3,33.3,0.1,0.2,33.3,0.1,0.3,20.0
Kelly Olynyk,HOU,30,2.5,3.3,74.2,0.4,1.0,42.3,0.1,0.4,32.0,0.1,0.6,20.5,0.1,0.3,41.7,0.3,0.9,28.6,1.5,4.4,35.4
Kelly Oubre Jr.,GSW,25,2.8,4.4,63.9,1.1,2.7,38.7,0.3,0.9,33.3,0.3,0.8,40.5,0.4,1.1,36.5,0.7,1.9,38.1,0.9,3.3,27.8
Kemba Walker,OKC,31,1.9,2.8,68.3,0.8,2.1,39.1,0.9,2.6,35.1,0.1,0.2,33.3,0.1,0.3,41.7,0.2,0.5,38.1,2.8,7.7,36.2
Kendrick Nunn,MIA,25,2.2,3.1,69.9,0.6,1.4,44.2,0.7,1.5,47.1,0.2,0.7,33.3,0.2,0.5,30.8,0.4,1.1,32.3,1.8,4.6,39.7
Kenrich Williams,OKC,26,1.6,2.3,67.8,0.6,1.3,47.0,0.4,0.9,41.7,0.2,0.4,51.9,0.2,0.3,68.8,0.4,0.7,58.1,0.4,1.1,37.5
Kent Bazemore,GSW,31,1.0,1.6,61.9,0.4,0.8,46.2,0.2,0.8,25.0,0.4,0.9,42.1,0.3,0.7,35.6,0.6,1.5,39.2,0.5,1.2,42.0
Kentavious Caldwell-Pope,LAL,28,1.0,1.8,56.3,0.1,0.4,30.8,0.4,1.0,34.8,0.3,0.9,37.0,0.5,1.0,46.2,0.7,1.8,42.0,1.0,2.6,39.9
Kevin Durant,BKN,32,2.2,2.8,78.8,2.0,3.9,51.9,2.6,5.1,50.6,0.1,0.1,40.0,0.2,0.3,70.0,0.3,0.4,60.0,2.2,5.0,43.7
Kevin Huerter,ATL,22,0.9,1.5,58.8,1.1,2.3,46.9,0.6,1.2,49.4,0.2,0.5,35.1,0.3,0.7,39.6,0.5,1.2,37.6,1.6,4.3,36.0
Kevin Knox II,NYK,21,0.4,0.8,53.3,0.0,0.3,10.0,0.1,0.4,28.6,0.3,0.6,47.6,0.4,0.8,57.1,0.6,1.2,52.4,0.3,1.1,27.7
Kevin Love,CLE,32,0.9,1.5,62.2,0.4,1.0,42.3,0.5,1.3,36.4,0.2,0.4,44.4,0.1,0.3,37.5,0.3,0.7,41.2,2.0,5.6,36.0
Kevin Porter Jr.,HOU,21,2.5,3.9,65.3,0.8,2.5,33.8,0.7,1.5,45.0,0.1,0.2,33.3,0.3,0.8,35.0,0.3,1.0,34.6,1.6,5.2,30.4
Kevon Looney,GSW,25,1.4,2.0,67.5,0.2,0.6,32.4,0.2,0.4,43.5,0.0,0.1,20.0,0.0,0.0,0.0,0.0,0.1,16.7,0.0,0.2,27.3
Khem Birch,TOR,28,1.4,2.3,63.4,0.9,2.0,45.9,0.3,0.6,41.9,0.1,0.3,22.7,0.1,0.2,38.5,0.1,0.5,28.6,0.0,0.2,18.8
Khris Middleton,MIL,29,1.7,2.8,60.9,1.4,2.8,50.0,2.2,4.8,45.1,0.2,0.4,39.3,0.2,0.5,46.9,0.4,0.9,43.3,1.8,4.5,41.1
Khyri Thomas,HOU,25,3.2,4.6,69.6,0.6,1.0,60.0,0.8,2.2,36.4,0.4,0.8,50.0,0.0,0.6,0.0,0.4,1.4,28.6,1.4,4.0,35.0
Killian Hayes,DET,19,0.6,1.3,42.9,1.1,2.8,38.9,0.3,0.8,36.4,0.0,0.2,25.0,0.0,0.4,11.1,0.1,0.5,15.4,0.7,2.3,30.5
Killian Tillie,MEM,23,0.2,0.4,42.9,0.4,0.8,42.9,0.0,0.2,0.0,0.1,0.5,20.0,0.1,0.5,16.7,0.1,0.8,18.2,0.5,1.3,36.4
Kira Lewis Jr.,NOP,20,1.2,2.2,54.6,0.4,1.5,28.8,0.1,0.4,20.0,0.1,0.3,25.0,0.1,0.2,50.0,0.2,0.5,33.3,0.6,1.8,32.3
Kostas Antetokounmpo,LAL,23,0.2,0.3,75.0,0.0,0.4,0.0,0.0,0.0,0.0,0.0,0.0,0.0,0.0,0.0,0.0,0.0,0.0,0.0,0.0,0.0,0.0
Kris Dunn,ATL,27,0.3,0.8,33.3,0.0,1.3,0.0,0.0,0.7,0.0,0.0,0.3,0.0,0.0,0.0,0.0,0.0,0.3,0.0,0.0,0.3,0.0
Kristaps Porzingis,DAL,25,2.8,3.9,72.6,1.2,2.9,43.1,1.2,3.1,39.6,0.1,0.2,62.5,0.1,0.2,66.7,0.3,0.4,64.7,2.0,5.5,36.1
Kyle Anderson,MEM,27,1.1,1.9,60.0,1.4,2.7,53.0,0.6,1.2,46.4,0.3,0.9,36.5,0.3,0.7,36.7,0.6,1.6,36.6,0.8,2.1,35.8
Kyle Guy,SAC,23,0.3,0.7,40.0,0.1,0.4,30.8,0.2,0.3,44.4,0.2,0.5,30.0,0.1,0.6,25.0,0.2,0.8,27.8,0.3,1.0,28.6
Kyle Kuzma,LAL,25,2.0,3.0,67.3,0.5,1.3,37.1,0.4,1.2,32.5,0.3,0.9,33.3,0.3,0.8,37.5,0.6,1.8,35.3,1.4,3.8,36.5
Kyle Lowry,TOR,35,1.5,2.4,63.6,0.6,1.6,37.5,0.7,1.8,38.6,0.2,0.4,50.0,0.1,0.2,42.9,0.3,0.6,48.1,2.6,6.6,38.9
Kyrie Irving,BKN,29,2.9,4.7,60.4,2.4,4.6,53.0,2.1,3.8,54.4,0.1,0.2,44.4,0.1,0.3,33.3,0.2,0.5,37.0,2.6,6.5,40.5
LaMarcus Aldridge,BKN,35,1.3,2.1,61.8,0.3,1.2,28.1,2.5,5.0,51.2,0.1,0.3,33.3,0.1,0.2,50.0,0.2,0.6,40.0,1.0,2.5,38.5
LaMelo Ball,CHA,19,2.5,4.7,54.4,0.9,2.2,43.2,0.5,1.2,37.7,0.1,0.5,29.2,0.2,0.4,40.9,0.3,0.9,34.8,1.5,4.2,35.5
Lamar Stevens,CLE,23,0.9,1.3,69.8,0.2,0.8,28.6,0.3,0.8,43.3,0.0,0.1,33.3,0.0,0.2,20.0,0.1,0.2,25.0,0.1,0.4,11.8
Landry Shamet,BKN,24,0.5,1.0,54.1,0.2,0.5,35.5,0.2,0.5,41.9,0.3,0.8,42.6,0.4,0.8,50.0,0.7,1.6,46.4,1.4,3.9,35.7
Langston Galloway,PHX,29,0.1,0.3,50.0,0.2,0.5,47.4,0.4,0.8,48.5,0.3,0.6,55.6,0.2,0.8,32.0,0.5,1.2,41.9,0.5,1.0,43.9
Larry Nance Jr.,CLE,28,1.8,2.7,65.6,0.4,1.1,40.5,0.3,0.7,36.0,0.2,0.7,26.1,0.1,0.3,55.6,0.3,0.9,34.4,0.9,2.3,36.6
Lauri Markkanen,CHI,24,1.7,2.7,64.5,0.8,1.3,58.2,0.1,0.4,15.0,0.4,0.8,55.0,0.3,0.5,50.0,0.7,1.3,52.9,1.6,4.5,36.6
LeBron James,LAL,36,4.8,6.4,75.6,1.0,2.2,46.0,1.2,3.4,36.4,0.2,0.3,53.8,0.1,0.2,33.3,0.2,0.5,45.5,2.1,5.8,35.7
Lonnie Walker IV,SAS,22,1.5,2.6,57.4,0.5,1.1,39.7,0.7,1.7,38.5,0.2,0.5,42.9,0.1,0.3,25.0,0.3,0.8,35.4,1.4,3.9,35.6
Lonzo Ball,NOP,23,1.3,2.1,59.5,0.4,1.0,35.1,0.5,1.3,40.3,0.5,1.1,44.1,0.3,0.7,38.5,0.7,1.8,41.8,2.4,6.5,36.9
Lou Williams,ATL,34,0.9,1.6,56.2,1.1,2.7,40.9,1.0,2.9,33.7,0.2,0.5,39.4,0.1,0.3,44.4,0.3,0.8,41.2,0.7,1.8,39.7
Louis King,SAC,22,1.6,1.8,88.9,1.0,2.2,45.5,0.0,0.5,0.0,0.0,0.0,0.0,0.0,0.8,0.0,0.0,0.8,0.0,0.7,1.2,57.1
Luguentz Dort,OKC,22,1.8,3.6,50.3,0.6,2.0,32.0,0.2,0.4,39.1,0.2,0.5,42.3,0.2,0.5,46.2,0.4,1.0,44.2,1.7,5.3,32.2
Luka Doncic,DAL,22,3.0,4.3,68.9,2.6,5.1,50.7,1.3,2.8,48.6,0.1,0.2,50.0,0.0,0.1,40.0,0.1,0.3,47.1,2.8,8.0,35.0
Luka Samanic,SAS,21,0.9,1.4,68.3,0.2,0.5,31.3,0.1,0.2,40.0,0.0,0.1,0.0,0.0,0.2,0.0,0.0,0.2,0.0,0.4,1.2,31.6
Luke Kennard,LAC,25,0.5,0.8,68.8,0.4,0.9,47.3,0.6,1.4,43.7,0.4,0.7,52.6,0.2,0.5,41.9,0.5,1.1,47.8,1.1,2.5,43.2
Luke Kornet,BOS,25,0.7,1.0,76.7,0.1,0.3,44.4,0.1,0.1,66.7,0.1,0.3,33.3,0.0,0.2,20.0,0.1,0.4,27.3,0.4,1.5,25.0
Malachi Flynn,TOR,23,0.7,1.2,57.1,0.6,1.4,39.7,0.4,1.2,31.5,0.1,0.2,28.6,0.1,0.3,30.8,0.1,0.4,30.0,1.0,3.1,32.2
Malcolm Brogdon,IND,28,3.3,6.1,53.2,0.8,1.9,42.3,1.3,2.8,45.6,0.2,0.4,45.5,0.2,0.4,50.0,0.4,0.8,47.6,2.2,5.9,37.7
Malik Beasley,MIN,24,2.1,3.8,55.4,0.9,2.2,40.2,0.7,1.6,45.0,0.7,1.5,50.0,0.4,1.0,44.4,1.2,2.4,47.8,2.3,6.2,36.7
Malik Fitts,LAC,23,0.0,0.3,0.0,0.0,0.0,0.0,0.0,0.0,0.0,0.0,0.0,0.0,0.0,0.5,0.0,0.0,0.5,0.0,0.5,0.5,100
Malik Monk,CHA,23,1.4,2.5,54.7,0.4,1.1,38.3,0.3,0.8,35.3,0.3,0.5,57.9,0.2,0.4,53.3,0.5,0.8,55.9,1.6,4.2,37.1
Mamadi Diakite,MIL,24,0.8,1.2,62.5,0.2,0.7,25.0,0.2,0.6,37.5,0.0,0.1,0.0,0.0,0.2,0.0,0.0,0.3,0.0,0.1,0.4,16.7
Marc Gasol,LAL,36,0.3,0.4,69.6,0.3,0.7,51.4,0.1,0.3,28.6,0.0,0.1,50.0,0.1,0.1,57.1,0.1,0.2,54.5,0.8,2.1,39.6
Marcus Morris Sr.,LAC,31,0.5,1.0,54.4,0.6,1.4,41.5,1.2,2.6,47.7,0.6,1.2,52.2,0.4,0.6,60.6,1.0,1.8,55.0,1.5,3.4,44.0
Marcus Smart,BOS,27,1.0,2.0,49.5,0.8,1.7,48.8,0.5,1.1,45.3,0.3,0.5,58.3,0.1,0.4,35.3,0.4,0.9,48.8,1.5,5.0,30.7
Markelle Fultz,ORL,23,2.5,3.8,66.7,1.4,3.8,36.7,0.8,3.5,21.4,0.0,0.3,0.0,0.0,0.0,0.0,0.0,0.3,0.0,0.5,1.8,28.6
Markieff Morris,LAL,31,0.7,1.0,65.6,0.4,0.8,47.1,0.4,1.0,41.4,0.2,0.7,31.8,0.2,0.5,37.9,0.4,1.2,34.2,0.7,2.2,29.9
Markus Howard,DEN,22,0.3,0.5,60.0,0.2,0.4,63.6,0.2,0.5,40.0,0.1,0.3,25.0,0.2,0.2,100,0.2,0.3,57.1,0.4,1.6,24.1
Marques Bolden,CLE,23,0.2,0.2,100,0.0,0.2,0.0,0.0,0.2,0.0,0.0,0.0,0.0,0.0,0.0,0.0,0.0,0.0,0.0,0.0,0.0,0.0
Marquese Chriss,GSW,23,2.0,3.5,57.1,0.0,1.0,0.0,0.0,0.0,0.0,0.0,0.0,0.0,0.0,0.5,0.0,0.0,0.5,0.0,0.5,2.0,25.0
Marvin Bagley III,SAC,22,3.4,5.1,67.0,1.3,3.1,40.3,0.2,0.6,29.6,0.3,0.7,48.4,0.1,0.3,26.7,0.4,1.1,41.3,0.4,1.4,29.0
Mason Jones,PHI,22,0.5,1.0,51.6,0.2,0.5,46.2,0.2,0.4,46.2,0.2,0.2,80.0,0.0,0.1,33.3,0.2,0.3,62.5,0.6,1.8,32.8
Mason Plumlee,DET,31,3.4,4.4,76.5,0.6,1.6,37.4,0.2,0.6,30.6,0.0,0.0,0.0,0.0,0.0,0.0,0.0,0.1,0.0,0.0,0.1,0.0
Matisse Thybulle,PHI,24,0.8,1.2,66.2,0.1,0.4,39.1,0.0,0.0,33.3,0.1,0.6,21.1,0.1,0.4,29.2,0.2,1.0,24.2,0.4,1.2,34.6
Matt Thomas,UTA,26,0.1,0.2,62.5,0.1,0.3,18.2,0.4,0.7,57.1,0.1,0.3,44.4,0.1,0.3,40.0,0.2,0.5,42.1,0.4,1.4,31.7
Matthew Dellavedova,CLE,30,0.3,1.0,30.8,0.5,1.3,35.3,0.0,0.1,0.0,0.0,0.2,0.0,0.0,0.2,0.0,0.0,0.3,0.0,0.3,1.6,19.0
Maurice Harkless,SAC,28,1.0,1.6,61.0,0.1,0.3,36.4,0.1,0.3,50.0,0.2,0.7,23.8,0.2,0.5,44.4,0.4,1.1,33.3,0.3,1.3,23.9
Max Strus,MIA,25,0.8,0.9,91.7,0.1,0.1,100,0.0,0.0,0.0,0.3,0.7,40.9,0.3,0.6,44.4,0.5,1.1,42.5,0.9,2.8,30.6
Maxi Kleber,DAL,29,0.4,0.6,60.0,0.1,0.3,20.0,0.2,0.4,44.4,0.3,0.7,40.0,0.3,0.8,41.7,0.6,1.4,40.8,1.2,2.8,41.1
Meyers Leonard,MIA,29,0.0,0.0,0.0,0.0,0.0,0.0,0.0,0.0,0.0,0.0,0.0,0.0,0.0,0.0,0.0,0.0,0.0,0.0,1.0,2.3,42.9
Mfiondu Kabengele,CLE,23,0.5,0.8,60.7,0.1,0.1,40.0,0.0,0.2,16.7,0.1,0.3,16.7,0.1,0.3,28.6,0.1,0.5,23.1,0.3,1.0,27.0
Michael Carter-Williams,ORL,29,1.9,3.3,57.3,0.8,2.7,31.0,0.2,0.7,22.7,0.1,0.3,44.4,0.1,0.2,40.0,0.2,0.5,42.9,0.3,1.5,19.1
Michael Porter Jr.,DEN,23,2.8,3.6,77.5,0.7,1.6,46.3,0.9,1.9,48.3,0.4,0.8,51.0,0.3,0.7,45.0,0.7,1.5,48.4,2.1,4.7,43.6
Mikal Bridges,PHX,24,2.2,2.9,76.3,0.7,1.5,47.7,0.3,0.5,51.3,0.5,1.2,45.9,0.7,1.5,43.5,1.2,2.7,44.6,0.7,1.7,38.8
Mike Conley,UTA,33,1.0,1.9,53.6,1.4,3.0,47.1,0.4,1.1,38.9,0.2,0.3,61.5,0.4,1.1,38.2,0.6,1.3,42.6,2.2,5.2,41.5
Mike James,BKN,30,0.4,1.5,26.3,0.8,1.8,43.5,0.6,1.5,42.1,0.2,0.3,50.0,0.2,0.3,66.7,0.3,0.5,57.1,0.5,1.8,29.2
Mike Muscala,OKC,29,0.7,1.2,63.4,0.3,0.5,66.7,0.4,0.7,52.0,0.3,0.8,39.3,0.3,0.6,45.0,0.6,1.4,41.7,1.4,3.8,35.8
Mike Scott,PHI,32,0.2,0.4,50.0,0.2,0.4,45.5,0.1,0.3,25.0,0.2,0.5,45.0,0.3,0.6,44.0,0.4,1.0,44.4,0.6,2.2,30.0
Miles Bridges,CHA,23,2.5,3.6,71.1,0.3,1.0,35.4,0.1,0.5,21.9,0.3,0.8,41.1,0.3,0.7,44.4,0.7,1.5,42.6,1.1,2.8,39.2
Mitchell Robinson,NYK,23,3.6,5.4,66.5,0.1,0.3,44.4,0.0,0.0,0.0,0.0,0.0,0.0,0.0,0.0,0.0,0.0,0.0,0.0,0.0,0.0,0.0
Miye Oni,UTA,23,0.1,0.2,45.5,0.0,0.0,0.0,0.0,0.0,0.0,0.2,0.7,33.3,0.2,0.5,47.6,0.4,1.1,39.2,0.2,0.7,27.0
Mo Bamba,ORL,23,1.6,2.3,68.3,0.4,0.9,51.3,0.3,0.9,32.5,0.1,0.1,66.7,0.1,0.3,30.0,0.1,0.3,38.5,0.7,2.3,31.4
Monte Morris,DEN,26,1.6,2.3,71.3,0.6,1.6,36.4,0.6,1.4,44.1,0.1,0.5,22.7,0.1,0.4,33.3,0.2,0.9,27.5,0.9,2.0,43.5
Montrezl Harrell,LAL,27,4.3,5.8,73.2,0.9,1.9,45.0,0.4,1.0,40.3,0.0,0.0,0.0,0.0,0.0,0.0,0.0,0.0,0.0,0.0,0.1,0.0
Moritz Wagner,ORL,24,1.2,2.0,60.9,0.4,1.0,40.9,0.0,0.2,28.6,0.1,0.2,25.0,0.1,0.3,30.0,0.1,0.4,27.8,0.6,1.6,35.6
Moses Brown,BOS,21,3.1,5.0,61.4,0.3,1.2,26.4,0.0,0.0,0.0,0.0,0.0,0.0,0.0,0.0,0.0,0.0,0.0,0.0,0.0,0.0,0.0
Mychal Mulder,GSW,27,0.6,0.8,75.0,0.0,0.1,20.0,0.0,0.0,0.0,0.3,0.7,39.4,0.3,0.8,37.5,0.5,1.4,38.4,1.0,2.4,40.4
Myles Turner,IND,25,2.3,3.4,67.3,0.5,1.1,50.0,0.1,0.4,29.4,0.1,0.4,31.6,0.2,0.6,28.6,0.3,1.0,29.8,1.2,3.4,34.6
Naji Marshall,NOP,23,1.3,2.4,53.8,0.3,0.9,26.7,0.1,0.6,16.7,0.3,0.7,42.9,0.2,0.8,23.8,0.5,1.4,33.3,0.5,1.3,38.5
Nassir Little,POR,21,0.7,1.0,66.0,0.2,0.4,55.0,0.1,0.4,35.3,0.0,0.2,25.0,0.1,0.2,50.0,0.1,0.3,35.7,0.5,1.4,34.8
Nate Darling,CHA,22,0.0,0.0,0.0,0.0,0.0,0.0,0.0,0.0,0.0,0.0,0.3,0.0,0.0,0.0,0.0,0.0,0.2,0.0,0.3,0.9,33.3
Nate Hinton,DAL,22,0.2,0.5,44.4,0.1,0.2,33.3,0.3,0.6,54.5,0.1,0.1,100,0.1,0.2,50.0,0.1,0.2,66.7,0.1,0.8,12.5
Nathan Knight,ATL,23,0.9,1.5,56.3,0.1,0.6,22.2,0.0,0.0,0.0,0.0,0.3,0.0,0.1,0.4,27.3,0.1,0.6,17.6,0.1,0.5,18.8
Naz Reid,MIN,21,2.7,3.9,67.8,0.8,1.7,45.1,0.0,0.1,11.1,0.1,0.4,32.0,0.1,0.2,33.3,0.2,0.6,32.5,0.7,1.9,36.1
Nemanja Bjelica,MIA,33,1.3,1.9,66.2,0.4,0.9,40.6,0.1,0.2,25.0,0.1,0.2,40.0,0.1,0.2,37.5,0.1,0.4,38.5,0.6,1.9,30.6
Nerlens Noel,NYK,27,1.8,2.5,70.6,0.3,0.6,45.9,0.1,0.4,30.4,0.0,0.0,0.0,0.0,0.0,0.0,0.0,0.0,0.0,0.0,0.0,0.0
Nick Richards,CHA,23,0.3,0.5,57.1,0.0,0.1,0.0,0.0,0.0,0.0,0.0,0.0,0.0,0.0,0.0,0.0,0.0,0.0,0.0,0.0,0.1,0.0
Nickeil Alexander-Walker,NOP,22,1.5,3.0,51.1,0.5,1.2,44.4,0.5,1.1,46.0,0.3,0.7,41.9,0.3,0.9,37.8,0.6,1.5,39.7,1.0,3.3,32.0
Nico Mannion,GSW,20,0.3,0.6,62.5,0.2,0.8,21.7,0.1,0.5,13.3,0.2,0.2,75.0,0.0,0.1,0.0,0.1,0.3,50.0,0.7,1.9,35.2
Nicolas Batum,LAC,32,0.8,1.1,70.1,0.1,0.2,33.3,0.4,0.8,46.2,0.5,1.1,43.7,0.4,0.8,44.4,0.8,1.9,44.0,0.8,2.2,37.0
Nicolas Claxton,BKN,22,2.5,3.4,71.8,0.3,0.8,37.0,0.0,0.1,0.0,0.0,0.0,0.0,0.0,0.0,0.0,0.0,0.1,0.0,0.0,0.1,33.3
Nicolo Melli,DAL,30,0.2,0.6,38.5,0.2,0.4,44.4,0.1,0.3,41.7,0.0,0.2,11.1,0.1,0.3,36.4,0.1,0.5,25.0,0.4,1.5,27.7
Nikola Jokic,DEN,26,3.8,5.4,70.2,3.4,6.0,56.9,1.7,3.3,51.5,0.0,0.1,75.0,0.0,0.1,20.0,0.1,0.1,44.4,1.2,3.1,39.1
Nikola Vucevic,CHI,30,2.4,3.6,67.2,2.2,4.7,46.4,2.4,5.3,44.6,0.0,0.1,42.9,0.0,0.0,0.0,0.0,0.1,33.3,2.5,6.1,40.2
Noah Vonleh,BKN,25,0.0,0.3,0.0,0.0,0.0,0.0,0.0,0.0,0.0,0.0,0.0,0.0,0.0,0.0,0.0,0.0,0.0,0.0,0.0,0.5,0.0
Norman Powell,POR,28,2.9,4.6,62.9,0.6,1.6,34.2,0.5,1.1,41.6,0.6,1.2,54.4,0.4,0.9,50.8,1.1,2.0,52.9,1.4,4.0,35.3
Norvel Pelle,NYK,28,0.6,1.2,50.0,0.2,0.3,66.7,0.0,0.0,0.0,0.0,0.0,0.0,0.0,0.0,0.0,0.0,0.0,0.0,0.0,0.0,0.0
OG Anunoby,TOR,23,2.7,3.9,68.3,0.4,1.4,32.2,0.3,0.8,39.4,0.6,1.4,42.4,0.6,1.6,40.3,1.2,2.9,41.3,1.2,3.1,38.3
Obi Toppin,NYK,23,1.0,1.5,67.8,0.2,0.4,50.0,0.1,0.2,50.0,0.1,0.4,33.3,0.1,0.4,26.3,0.2,0.6,29.7,0.2,0.8,31.3
Onyeka Okongwu,ATL,20,1.6,2.1,75.7,0.3,0.8,44.7,0.0,0.1,20.0,0.0,0.0,0.0,0.0,0.0,0.0,0.0,0.0,0.0,0.0,0.0,0.0
Oshae Brissett,IND,23,1.9,2.7,68.4,0.1,0.7,7.1,0.0,0.1,0.0,0.3,0.4,57.1,0.5,1.1,44.4,0.7,1.5,48.0,1.1,2.6,40.4
Otto Porter Jr.,ORL,28,1.0,1.4,72.5,0.4,1.4,31.6,0.6,1.6,39.1,0.3,0.8,45.0,0.2,0.4,54.5,0.5,1.1,48.4,0.9,2.5,33.8
P.J. Tucker,MIL,36,0.4,0.8,55.0,0.0,0.2,20.0,0.0,0.2,25.0,0.5,1.1,42.6,0.3,1.0,26.5,0.7,2.0,35.0,0.1,0.3,25.0
P.J. Washington,CHA,22,2.0,3.8,54.1,0.8,1.9,42.1,0.1,0.5,24.2,0.2,0.5,42.4,0.2,0.5,40.0,0.4,1.1,41.2,1.3,3.5,38.0
PJ Dozier,DEN,24,1.4,2.2,63.9,0.3,1.1,30.9,0.3,0.9,34.9,0.2,0.5,37.5,0.1,0.5,23.1,0.3,1.0,30.0,0.6,1.9,33.0
Pascal Siakam,TOR,27,3.6,5.8,62.7,2.0,4.8,42.5,0.9,2.3,38.6,0.1,0.5,24.1,0.2,0.5,36.7,0.3,1.1,30.5,1.0,3.3,29.6
Pat Connaughton,MIL,28,0.9,1.3,66.7,0.1,0.2,33.3,0.0,0.1,10.0,0.1,0.3,36.8,0.3,0.7,40.0,0.4,0.9,39.1,1.1,3.0,36.7
Patrick Beverley,LAC,32,0.5,1.1,47.6,0.4,0.8,51.7,0.1,0.2,25.0,0.3,0.6,54.5,0.3,0.7,43.5,0.6,1.2,48.9,0.9,2.6,35.4
Patrick McCaw,TOR,25,0.2,0.2,100,0.0,0.0,0.0,0.0,0.0,0.0,0.0,0.0,0.0,0.0,0.0,0.0,0.0,0.0,0.0,0.0,0.0,0.0
Patrick Patterson,LAC,32,0.6,0.9,61.8,0.1,0.1,60.0,0.2,0.4,53.3,0.2,0.7,26.9,0.3,0.7,40.7,0.5,1.4,34.0,0.6,1.5,38.6
Patrick Williams,CHI,19,1.6,2.5,64.6,0.6,1.4,40.0,0.7,1.6,41.7,0.2,0.4,39.3,0.2,0.4,46.7,0.4,0.8,43.1,0.4,1.1,35.4
Patty Mills,SAS,32,0.7,1.2,57.3,0.1,0.4,34.6,0.5,1.1,47.3,0.3,0.6,47.5,0.2,0.4,42.9,0.5,1.0,45.6,1.9,5.3,36.0
Paul George,LAC,31,2.4,4.0,59.6,1.0,2.5,40.4,1.6,3.4,48.6,0.3,0.6,45.2,0.6,1.0,60.4,0.9,1.6,54.8,2.3,6.1,38.1
Paul Millsap,DEN,36,1.6,2.3,68.0,0.8,1.7,45.8,0.2,0.6,32.4,0.1,0.3,42.9,0.2,0.3,50.0,0.3,0.5,46.7,0.6,2.0,31.0
Paul Reed,PHI,22,1.3,1.8,69.6,0.3,0.8,35.3,0.2,0.4,44.4,0.0,0.1,0.0,0.0,0.1,0.0,0.0,0.1,0.0,0.0,0.2,0.0
Paul Watson,TOR,26,0.3,0.4,63.6,0.0,0.2,20.0,0.0,0.1,0.0,0.5,1.1,47.4,0.3,0.4,57.1,0.7,1.3,50.0,0.6,1.4,44.7
Payton Pritchard,BOS,23,0.7,1.2,59.2,0.3,0.9,40.4,0.2,0.6,37.8,0.2,0.4,45.5,0.1,0.3,47.1,0.3,0.6,46.2,1.3,3.2,40.4
Precious Achiuwa,MIA,21,1.9,3.0,62.1,0.2,0.6,29.4,0.0,0.2,9.1,0.0,0.0,0.0,0.0,0.0,0.0,0.0,0.0,0.0,0.0,0.0,0.0
Quinn Cook,CLE,28,0.3,0.7,35.3,0.3,0.4,66.7,0.3,0.8,37.5,0.2,0.5,33.3,0.0,0.2,0.0,0.1,0.5,25.0,0.4,0.8,50.0
Quinndary Weatherspoon,SAS,24,0.8,1.1,66.7,0.1,0.2,33.3,0.1,0.4,25.0,0.0,0.0,0.0,0.0,0.0,0.0,0.0,0.0,0.0,0.1,0.3,16.7
R.J. Hampton,ORL,20,1.2,2.0,62.2,0.7,1.9,36.4,0.4,1.0,43.8,0.1,0.2,33.3,0.2,0.4,52.9,0.3,0.5,47.8,0.3,1.3,25.4
RJ Barrett,NYK,21,3.2,5.7,55.4,1.0,3.0,33.5,0.6,1.8,35.9,0.3,0.8,42.1,0.5,1.2,43.4,0.8,1.9,42.9,0.9,2.3,37.3
Rajon Rondo,LAC,35,1.1,2.0,56.8,0.1,0.6,12.0,0.1,0.3,46.2,0.0,0.1,20.0,0.1,0.2,71.4,0.1,0.3,50.0,0.7,1.7,39.0
Raul Neto,WAS,29,1.0,1.7,55.9,1.0,2.1,49.6,0.3,0.6,43.6,0.1,0.4,38.1,0.1,0.4,30.8,0.3,0.7,34.0,0.8,1.8,41.7
Ray Spalding,HOU,24,0.5,1.0,50.0,0.5,0.5,100,0.0,0.0,0.0,0.0,0.0,0.0,0.0,0.5,0.0,0.0,0.5,0.0,0.0,0.0,0.0
Rayjon Tucker,PHI,23,0.6,0.9,70.0,0.0,0.0,0.0,0.0,0.1,0.0,0.0,0.5,0.0,0.0,0.0,0.0,0.0,0.3,0.0,0.1,0.4,40.0
Reggie Bullock,NYK,30,0.5,0.8,56.4,0.3,0.5,54.3,0.5,1.1,47.9,0.5,1.2,44.2,0.4,0.9,46.3,0.9,2.0,45.0,1.6,4.1,39.1
Reggie Jackson,LAC,31,1.1,1.9,57.0,0.6,1.5,37.9,0.4,1.1,39.7,0.3,0.6,58.8,0.2,0.6,31.4,0.5,1.1,44.9,1.4,3.1,43.1
Reggie Perry,BKN,21,1.1,1.8,58.7,0.0,0.3,0.0,0.0,0.1,33.3,0.0,0.1,0.0,0.0,0.1,0.0,0.0,0.2,0.0,0.2,0.7,23.5
Richaun Holmes,SAC,27,3.2,4.3,73.9,2.0,3.5,58.1,0.7,1.4,51.8,0.0,0.0,0.0,0.0,0.0,0.0,0.0,0.0,0.0,0.0,0.1,25.0
Ricky Rubio,MIN,30,1.0,1.9,54.7,0.5,1.3,39.1,0.4,1.0,34.3,0.2,0.6,31.8,0.2,0.5,40.6,0.4,1.1,35.5,0.6,2.0,27.7
Robert Covington,POR,30,0.8,1.4,56.7,0.1,0.5,20.0,0.1,0.3,33.3,0.1,0.3,26.3,0.1,0.4,24.1,0.2,0.7,25.0,1.8,4.4,40.1
Robert Franks,ORL,24,1.0,1.1,87.5,0.1,0.4,33.3,0.0,0.4,0.0,0.1,0.3,50.0,0.0,0.2,0.0,0.1,0.4,33.3,0.6,1.6,36.4
Robert Williams III,BOS,23,2.9,3.7,78.0,0.6,0.8,69.0,0.2,0.4,34.8,0.0,0.0,0.0,0.0,0.0,0.0,0.0,0.0,0.0,0.0,0.0,0.0
Robert Woodard II,SAC,21,0.4,0.5,83.3,0.0,0.3,0.0,0.2,0.4,50.0,0.0,0.0,0.0,0.0,0.0,0.0,0.0,0.0,0.0,0.1,0.4,20.0
Robin Lopez,WAS,33,1.8,2.5,70.9,1.9,3.0,61.4,0.1,0.2,38.5,0.0,0.2,16.7,0.0,0.0,0.0,0.0,0.2,14.3,0.0,0.1,75.0
Rodions Kurucs,MIL,23,0.3,0.4,62.5,0.0,0.1,0.0,0.0,0.1,0.0,0.2,0.3,50.0,0.1,0.3,50.0,0.2,0.4,50.0,0.1,0.7,20.0
Rodney Hood,TOR,28,0.3,0.5,53.6,0.3,1.0,29.6,0.5,1.2,44.6,0.1,0.3,23.5,0.1,0.5,24.0,0.2,0.8,23.8,0.4,1.3,34.3
Rodney McGruder,DET,29,0.9,1.5,60.9,0.5,1.1,47.1,0.3,0.4,66.7,0.4,0.6,57.1,0.1,0.5,16.7,0.4,0.9,38.5,0.4,0.7,54.5
Romeo Langford,BOS,21,0.8,1.3,62.5,0.1,0.5,11.1,0.0,0.4,0.0,0.0,0.3,0.0,0.2,0.4,40.0,0.1,0.6,22.2,0.2,0.5,33.3
Rondae Hollis-Jefferson,POR,26,0.5,1.0,45.5,0.3,0.5,60.0,0.1,0.1,100,0.0,0.1,0.0,0.0,0.0,0.0,0.0,0.1,0.0,0.0,0.0,0.0
Royce O'Neale,UTA,28,0.8,1.2,69.4,0.1,0.3,33.3,0.0,0.1,14.3,0.3,0.6,47.6,0.3,0.7,40.0,0.6,1.3,43.5,0.9,2.6,36.0
Rudy Gay,SAS,34,0.8,1.4,58.6,0.7,1.8,42.3,1.0,2.4,39.5,0.1,0.4,22.7,0.2,0.5,35.5,0.3,0.8,30.2,1.4,3.5,40.4
Rudy Gobert,UTA,29,5.3,7.1,75.0,0.2,0.9,17.5,0.0,0.1,14.3,0.0,0.0,0.0,0.0,0.0,0.0,0.0,0.0,0.0,0.0,0.0,0.0
Rui Hachimura,WAS,23,2.2,3.2,68.0,1.3,2.8,46.3,1.2,3.0,39.6,0.1,0.4,22.7,0.1,0.5,30.8,0.2,0.8,27.1,0.6,1.5,36.4
Russell Westbrook,WAS,32,3.2,5.0,63.9,1.6,3.8,40.7,2.3,6.1,38.1,0.1,0.3,44.4,0.1,0.2,35.7,0.2,0.5,40.6,1.1,3.7,30.4
Ryan Arcidiacono,CHI,27,0.3,0.4,57.9,0.2,0.5,40.0,0.1,0.3,45.5,0.1,0.3,33.3,0.1,0.2,57.1,0.2,0.4,43.8,0.4,1.1,36.0
Saben Lee,DET,22,1.4,2.3,60.2,0.5,1.5,32.9,0.1,0.2,33.3,0.1,0.1,50.0,0.0,0.0,100,0.1,0.2,62.5,0.1,0.3,20.0
Saddiq Bey,DET,22,1.0,1.8,55.6,0.3,1.0,34.3,0.2,0.5,31.6,0.5,1.1,44.0,0.1,0.6,27.0,0.6,1.6,38.4,1.9,4.9,38.0
Sam Merrill,MIL,25,0.2,0.5,38.5,0.1,0.2,50.0,0.1,0.2,50.0,0.1,0.2,66.7,0.1,0.1,100,0.1,0.2,75.0,0.6,1.4,41.9
Sean McDermott,MEM,24,0.4,0.5,75.0,0.1,0.1,100,0.1,0.1,50.0,0.1,0.5,16.7,0.1,0.4,25.0,0.1,0.7,20.0,0.2,0.7,25.0
Sekou Doumbouya,DET,20,1.3,2.3,58.6,0.1,0.5,20.0,0.0,0.2,0.0,0.1,0.3,35.3,0.1,0.5,18.2,0.2,0.7,25.6,0.3,1.4,21.1
Semi Ojeleye,BOS,26,0.4,0.5,66.7,0.1,0.3,44.4,0.1,0.3,20.0,0.3,0.7,37.8,0.3,0.8,33.3,0.5,1.4,35.5,0.6,1.5,37.8
Serge Ibaka,LAC,31,2.0,2.8,72.6,0.8,2.0,41.0,0.8,1.3,57.4,0.0,0.1,0.0,0.0,0.2,16.7,0.0,0.2,12.5,0.9,2.6,35.5
Seth Curry,PHI,30,0.5,1.0,50.9,0.6,1.2,45.7,1.2,2.5,48.6,0.2,0.4,54.2,0.3,0.5,64.3,0.5,0.9,59.6,1.7,4.0,42.1
Shai Gilgeous-Alexander,OKC,22,3.9,6.4,61.4,1.7,3.5,49.6,0.5,1.4,36.7,0.2,0.3,66.7,0.1,0.3,22.2,0.2,0.5,44.4,1.8,4.3,41.4
Shake Milton,PHI,24,1.4,2.5,57.0,1.2,2.7,44.5,1.0,2.1,46.6,0.1,0.4,30.4,0.2,0.3,64.7,0.3,0.6,45.0,0.8,2.6,32.5
Shaquille Harrison,DEN,27,0.6,1.2,50.0,0.1,0.6,10.5,0.1,0.2,42.9,0.0,0.1,33.3,0.0,0.3,16.7,0.1,0.3,22.2,0.0,0.2,14.3
Sindarius Thornwell,ORL,26,0.3,0.5,60.0,0.1,0.6,18.2,0.0,0.1,0.0,0.2,0.3,60.0,0.1,0.5,28.6,0.3,0.7,41.7,0.1,0.6,18.2
Skylar Mays,ATL,23,0.8,1.4,54.8,0.1,0.1,50.0,0.2,0.5,38.5,0.2,0.2,80.0,0.0,0.2,20.0,0.2,0.4,50.0,0.3,0.9,31.0
Solomon Hill,ATL,30,0.4,0.8,52.6,0.1,0.2,29.4,0.1,0.2,33.3,0.2,0.7,32.7,0.2,0.6,29.3,0.4,1.3,31.2,0.5,1.7,33.1
Spencer Dinwiddie,BKN,28,1.3,2.3,57.1,0.0,0.7,0.0,0.0,0.0,0.0,0.0,0.0,0.0,0.3,0.3,100,0.3,0.3,100,0.3,2.0,16.7
Stanley Johnson,TOR,25,0.5,1.0,50.8,0.2,0.4,38.5,0.1,0.2,36.4,0.1,0.3,26.7,0.2,0.5,37.9,0.3,0.8,34.1,0.5,1.5,32.6
Stephen Curry,GSW,33,2.7,4.3,64.6,1.3,2.5,51.9,1.1,2.2,47.9,0.1,0.5,25.0,0.2,0.5,48.4,0.4,1.0,36.5,5.0,11.5,43.2
Sterling Brown,HOU,26,0.9,1.5,58.2,0.2,0.5,37.0,0.1,0.3,21.4,0.5,1.2,39.3,0.3,0.7,39.4,0.7,1.8,39.4,1.1,2.3,45.8
Steven Adams,NOP,27,2.6,3.8,67.7,0.7,1.4,47.5,0.0,0.1,40.0,0.0,0.0,0.0,0.0,0.0,0.0,0.0,0.0,0.0,0.0,0.0,0.0
Svi Mykhailiuk,OKC,24,1.2,1.9,61.9,0.1,0.6,15.4,0.3,0.4,67.9,0.3,0.8,44.9,0.2,0.5,36.4,0.5,1.3,41.5,1.1,3.5,30.9
T.J. Leaf,POR,24,0.8,1.3,62.5,0.0,0.1,0.0,0.0,0.1,0.0,0.0,0.0,0.0,0.0,0.0,0.0,0.0,0.0,0.0,0.0,0.0,0.0
T.J. McConnell,IND,29,1.7,2.7,62.7,1.4,2.4,56.6,0.7,1.3,53.8,0.0,0.1,33.3,0.1,0.2,42.9,0.1,0.3,40.0,0.1,0.4,25.9
T.J. Warren,IND,27,3.8,4.5,83.3,1.5,2.3,66.7,1.5,4.3,35.3,0.0,0.8,0.0,0.0,0.0,0.0,0.0,0.8,0.0,0.0,1.0,0.0
Tacko Fall,BOS,25,0.9,1.2,76.2,0.2,0.4,57.1,0.1,0.1,100,0.0,0.0,0.0,0.0,0.0,0.0,0.0,0.0,0.0,0.0,0.0,0.0
Taj Gibson,NYK,36,1.8,2.4,76.4,0.1,0.4,30.0,0.2,0.4,52.9,0.0,0.1,40.0,0.0,0.0,0.0,0.0,0.2,28.6,0.0,0.2,12.5
Talen Horton-Tucker,LAL,20,2.3,3.8,61.0,0.4,1.2,32.9,0.2,0.6,33.3,0.0,0.2,7.7,0.1,0.3,25.0,0.1,0.5,17.2,0.5,1.6,31.7
Taurean Prince,CLE,27,0.8,1.7,48.6,0.4,1.3,30.9,0.4,1.1,38.3,0.4,0.7,51.7,0.2,0.4,50.0,0.6,1.1,51.1,0.9,2.6,35.8
Terance Mann,LAC,24,1.7,2.5,68.8,0.3,1.0,32.3,0.2,0.6,29.7,0.2,0.3,58.8,0.3,0.7,38.5,0.4,0.9,44.6,0.2,0.5,38.2
Terence Davis,SAC,24,1.3,2.1,58.8,0.2,0.6,33.3,0.1,0.3,36.8,0.2,0.7,35.1,0.2,0.4,54.2,0.4,1.0,42.6,1.2,3.4,35.0
Terrance Ferguson,PHI,23,0.1,0.1,100,0.0,0.0,0.0,0.0,0.1,0.0,0.0,0.7,0.0,0.0,0.2,0.0,0.0,0.5,0.0,0.0,0.2,0.0
Terrence Ross,ORL,30,0.8,1.2,66.0,0.9,2.3,38.7,1.9,4.2,46.1,0.1,0.4,27.8,0.1,0.3,36.4,0.2,0.6,31.0,1.7,5.1,34.2
Terry Rozier,CHA,27,2.1,3.6,58.8,1.3,2.6,48.4,0.8,1.9,40.5,0.6,1.3,45.5,0.4,0.8,44.8,1.0,2.1,45.2,2.3,6.1,36.9
Thaddeus Young,CHI,33,3.4,5.1,67.0,1.7,3.5,49.2,0.1,0.4,24.1,0.1,0.3,35.0,0.0,0.0,0.0,0.1,0.3,31.8,0.1,0.3,25.0
Thanasis Antetokounmpo,MIL,28,1.1,1.8,61.1,0.0,0.2,11.1,0.0,0.1,25.0,0.1,0.1,50.0,0.0,0.1,33.3,0.1,0.2,40.0,0.1,0.3,20.0
Theo Maledon,OKC,20,0.8,1.9,42.7,0.7,1.9,38.7,0.3,0.8,37.7,0.1,0.4,30.8,0.1,0.2,46.7,0.2,0.6,36.6,1.4,4.1,33.5
Theo Pinson,NYK,25,0.0,0.0,0.0,0.1,0.1,100,0.0,0.0,0.0,0.0,0.0,0.0,0.0,0.0,0.0,0.0,0.0,0.0,0.0,0.5,0.0
Thomas Bryant,WAS,23,3.8,4.2,90.5,1.0,1.7,58.8,0.2,1.1,18.2,0.1,0.1,100,0.0,0.0,0.0,0.1,0.1,100,0.8,2.0,40.0
Thon Maker,CLE,24,0.8,1.1,66.7,0.4,0.6,60.0,0.1,0.3,50.0,0.0,0.0,0.0,0.0,0.3,0.0,0.0,0.1,0.0,0.0,0.1,0.0
Tim Frazier,MEM,30,0.4,0.4,100,0.0,1.2,0.0,0.2,0.8,25.0,0.0,0.2,0.0,0.0,0.0,0.0,0.0,0.2,0.0,0.0,1.4,0.0
Tim Hardaway Jr.,DAL,29,1.6,2.3,69.6,0.5,1.2,40.7,0.8,1.9,39.3,0.2,0.6,39.5,0.3,0.9,38.7,0.6,1.5,39.0,2.4,6.0,39.4
Timothe Luwawu-Cabarrot,BKN,26,0.8,1.4,54.9,0.1,0.3,22.2,0.1,0.3,35.3,0.2,0.8,30.0,0.3,0.9,30.4,0.5,1.6,30.2,0.8,2.6,32.0
Tobias Harris,PHI,28,2.8,4.2,66.8,2.3,4.6,49.7,1.2,2.8,44.4,0.1,0.3,35.3,0.2,0.4,50.0,0.3,0.7,44.2,1.0,2.7,38.2
Tomas Satoransky,CHI,29,1.3,1.7,77.1,0.6,1.4,44.3,0.3,0.6,50.0,0.2,0.3,50.0,0.2,0.4,39.1,0.3,0.7,43.9,0.4,1.3,32.0
Tony Bradley,OKC,23,2.3,3.1,73.3,0.7,1.2,60.0,0.1,0.3,38.5,0.0,0.0,0.0,0.0,0.0,0.0,0.0,0.0,0.0,0.0,0.0,0.0
Tony Snell,ATL,29,0.2,0.3,56.3,0.2,0.6,31.0,0.2,0.4,47.1,0.3,0.5,60.9,0.4,0.7,51.9,0.6,1.1,56.0,0.7,1.3,57.6
Torrey Craig,PHX,30,1.1,1.6,70.9,0.1,0.4,19.0,0.2,0.4,47.6,0.2,0.4,38.9,0.1,0.4,20.0,0.2,0.8,28.9,0.6,1.4,41.2
Trae Young,ATL,22,1.8,3.3,56.0,2.8,5.9,46.6,1.0,2.1,45.2,0.1,0.1,50.0,0.0,0.1,22.2,0.1,0.3,35.3,2.1,6.0,34.2
Tre Jones,SAS,21,0.8,1.2,66.7,0.1,0.7,16.7,0.1,0.3,40.0,0.1,0.1,50.0,0.0,0.0,0.0,0.1,0.1,50.0,0.1,0.1,66.7
Tremont Waters,BOS,23,0.3,0.6,50.0,0.3,0.8,40.0,0.2,0.5,33.3,0.1,0.1,50.0,0.1,0.2,33.3,0.1,0.2,40.0,0.5,1.3,39.4
Trent Forrest,UTA,23,0.3,0.6,52.9,0.5,0.8,59.1,0.2,0.3,83.3,0.1,0.5,20.0,0.1,0.3,25.0,0.2,0.7,22.2,0.0,0.3,12.5
Trevor Ariza,MIA,36,1.5,2.7,56.3,0.1,0.5,21.4,0.0,0.1,25.0,0.4,0.9,44.0,0.4,1.3,30.8,0.8,2.1,35.9,0.9,2.6,34.6
Trey Burke,DAL,28,0.5,1.1,48.5,0.3,0.6,46.2,0.7,1.4,51.2,0.2,0.5,40.0,0.1,0.5,21.7,0.3,0.8,31.3,0.7,1.9,36.5
Trey Lyles,SAS,25,1.1,1.4,76.7,0.2,0.4,44.4,0.1,0.5,18.2,0.2,0.3,60.0,0.1,0.2,66.7,0.3,0.4,62.5,0.4,1.4,28.1
Tristan Thompson,BOS,30,2.0,3.4,57.0,1.1,2.4,46.2,0.1,0.1,42.9,0.0,0.0,0.0,0.0,0.0,0.0,0.0,0.0,0.0,0.0,0.0,0.0
Troy Brown Jr.,CHI,21,0.7,1.0,75.0,0.3,0.5,50.0,0.2,0.8,29.2,0.3,0.6,41.2,0.1,0.4,30.0,0.3,0.8,37.0,0.4,1.2,29.3
Ty Jerome,OKC,23,0.6,1.0,62.5,1.0,2.0,47.8,0.2,0.6,25.0,0.2,0.5,46.7,0.2,0.5,40.0,0.4,0.9,43.3,1.8,4.1,42.6
Ty-Shon Alexander,PHX,22,0.1,0.1,100,0.0,0.0,0.0,0.0,0.2,0.0,0.0,0.1,0.0,0.0,0.0,0.0,0.0,0.1,0.0,0.1,0.6,25.0
Tyler Bey,DAL,23,0.3,0.5,55.6,0.1,0.5,12.5,0.0,0.1,0.0,0.0,0.0,0.0,0.0,0.0,0.0,0.0,0.0,0.0,0.1,0.2,25.0
Tyler Cook,DET,23,2.1,2.8,76.5,0.2,0.6,31.6,0.0,0.0,0.0,0.0,0.1,50.0,0.0,0.0,0.0,0.0,0.1,50.0,0.0,0.0,0.0
Tyler Herro,MIA,21,1.7,2.6,64.5,0.9,2.1,40.4,1.2,2.7,42.9,0.1,0.3,50.0,0.2,0.5,42.3,0.4,0.8,45.2,1.6,4.6,35.1
Tyler Johnson,BKN,29,0.2,0.4,56.3,0.2,0.4,53.3,0.2,0.5,35.0,0.2,0.5,40.0,0.3,0.8,44.4,0.5,1.2,42.9,0.8,2.3,33.7
Tyrell Terry,DAL,20,0.6,0.7,83.3,0.0,0.2,0.0,0.0,0.1,0.0,0.0,0.0,0.0,0.0,0.0,0.0,0.0,0.0,0.0,0.0,0.6,0.0
Tyrese Haliburton,SAC,21,1.1,1.6,67.4,1.1,2.3,48.1,0.7,1.6,44.7,0.4,0.8,45.5,0.3,0.8,42.9,0.7,1.5,44.2,1.4,3.5,40.9
Tyrese Maxey,PHI,20,1.4,2.4,56.6,0.8,1.6,48.9,0.7,1.6,44.9,0.0,0.2,0.0,0.0,0.1,40.0,0.0,0.3,15.4,0.5,1.5,32.2
Tyus Jones,MEM,25,0.5,1.0,52.9,1.1,2.2,49.7,0.3,0.8,40.7,0.1,0.4,32.1,0.1,0.2,28.6,0.2,0.6,31.0,0.5,1.4,32.7
Udoka Azubuike,UTA,21,0.3,0.5,57.1,0.0,0.1,0.0,0.0,0.0,0.0,0.0,0.0,0.0,0.0,0.0,0.0,0.0,0.0,0.0,0.0,0.0,0.0
Udonis Haslem,MIA,41,1.0,1.0,100,0.0,0.0,0.0,1.0,1.0,100,0.0,0.0,0.0,0,0,0,0.0,0.0,0.0,0.0,0.0,0.0
Vernon Carey Jr.,CHA,20,0.6,0.9,68.8,0.1,0.3,20.0,0.3,0.4,62.5,0.0,0.2,0.0,0.0,0.1,0.0,0.0,0.2,0.0,0.1,0.2,25.0
Victor Oladipo,MIA,29,3.0,4.8,61.3,1.1,2.9,38.5,0.7,2.5,27.2,0.3,0.7,40.9,0.1,0.5,12.5,0.3,1.2,28.9,2.0,6.1,33.3
Vincent Poirier,PHI,27,0.2,0.7,33.3,0.0,0.0,0.0,0.1,0.5,20.0,0.0,0.0,0.0,0.0,0.0,0.0,0.0,0.0,0.0,0.0,0.1,0.0
Vlatko Cancar,DEN,24,0.5,0.8,66.7,0.1,0.1,40.0,0.1,0.1,50.0,0.1,0.2,66.7,0.2,0.3,66.7,0.2,0.3,66.7,0.1,0.6,13.0
Wayne Ellington,DET,33,0.4,0.6,65.5,0.1,0.2,42.9,0.2,0.6,39.3,0.2,0.6,28.6,0.2,0.8,30.3,0.4,1.4,29.5,2.1,4.6,46.0
Wendell Carter Jr.,ORL,22,2.6,3.9,65.7,0.9,2.1,42.2,0.5,1.5,35.0,0.1,0.2,50.0,0.0,0.0,0.0,0.1,0.2,40.0,0.2,0.8,26.8
Wenyen Gabriel,NOP,24,0.4,1.1,39.1,0.1,0.2,25.0,0.1,0.1,100,0.1,0.3,40.0,0.3,0.4,66.7,0.3,0.6,54.5,0.4,1.0,35.0
Wes Iwundu,NOP,26,0.6,1.2,52.1,0.1,0.2,33.3,0.0,0.1,25.0,0.1,0.3,28.6,0.0,0.5,7.1,0.1,0.6,14.3,0.1,0.5,10.0
Wesley Matthews,LAL,34,0.3,0.5,62.1,0.1,0.2,25.0,0.0,0.2,14.3,0.2,0.7,31.7,0.1,0.4,20.0,0.3,1.1,27.9,0.8,2.3,36.0
Will Barton,DEN,30,1.8,3.1,56.4,0.6,2.0,32.4,0.5,1.3,40.8,0.3,0.5,53.8,0.2,0.4,45.5,0.4,0.9,50.0,1.3,3.7,35.6
Will Magnay,NOP,23,0.0,0.0,0.0,0.0,0.0,0.0,0.0,0.0,0.0,0.0,0.0,0.0,0,0,0,0.0,0.0,0.0,0.0,1.0,0.0
Willie Cauley-Stein,DAL,27,1.9,2.9,67.3,0.1,0.1,57.1,0.1,0.2,63.6,0.0,0.1,0.0,0.0,0.0,0.0,0.0,0.1,0.0,0.0,0.1,14.3
Willy Hernangomez,NOP,27,2.3,3.9,60.4,0.8,1.4,56.1,0.1,0.2,30.0,0.0,0.0,100,0.0,0.0,0.0,0.0,0.1,33.3,0.0,0.2,0.0
Xavier Tillman Sr.,MEM,22,1.4,2.0,70.9,0.9,1.7,55.6,0.1,0.3,38.9,0.1,0.3,38.9,0.1,0.3,29.4,0.2,0.6,34.3,0.2,0.5,34.5
Yogi Ferrell,LAC,28,0.4,0.8,57.1,0.6,1.7,33.3,0.2,0.8,28.6,0.0,0.0,0.0,0.0,0.0,0.0,0.0,0.0,0.0,1.0,3.1,32.1
Yuta Watanabe,TOR,26,0.6,1.0,60.0,0.2,0.6,30.0,0.1,0.2,40.0,0.2,0.5,34.8,0.1,0.4,22.2,0.2,0.8,29.3,0.5,1.0,49.0
Zach LaVine,CHI,26,4.4,6.7,65.5,0.7,1.5,42.7,1.3,2.9,45.6,0.4,0.8,57.8,0.2,0.5,33.3,0.6,1.2,48.6,2.8,7.0,40.8
Zeke Nnaji,DEN,20,0.6,0.8,73.3,0.0,0.2,12.5,0.1,0.2,42.9,0.1,0.4,25.0,0.3,0.7,52.9,0.4,0.8,44.0,0.3,0.8,38.2
Zion Williamson,NOP,20,9.0,13.4,67.2,1.1,2.8,40.9,0.1,0.3,37.5,0.0,0.0,100,0.0,0.0,0.0,0.0,0.0,100,0.1,0.5,28.1